record_id,iso_code,continent,location,date,total_cases,new_cases,new_cases_smoothed,total_deaths,new_deaths,new_deaths_smoothed,total_cases_per_million,new_cases_per_million,new_cases_smoothed_per_million,total_deaths_per_million,new_deaths_per_million,new_deaths_smoothed_per_million,reproduction_rate,icu_patients,icu_patients_per_million,hosp_patients,hosp_patients_per_million,weekly_icu_admissions,weekly_icu_admissions_per_million,weekly_hosp_admissions,weekly_hosp_admissions_per_million,total_tests,new_tests,total_tests_per_thousand,new_tests_per_thousand,new_tests_smoothed,new_tests_smoothed_per_thousand,positive_rate,tests_per_case,tests_units,total_vaccinations,people_vaccinated,people_fully_vaccinated,total_boosters,new_vaccinations,new_vaccinations_smoothed,total_vaccinations_per_hundred,people_vaccinated_per_hundred,people_fully_vaccinated_per_hundred,total_boosters_per_hundred,new_vaccinations_smoothed_per_million,new_people_vaccinated_smoothed,new_people_vaccinated_smoothed_per_hundred,stringency_index,population_density,median_age,aged_65_older,aged_70_older,gdp_per_capita,extreme_poverty,cardiovasc_death_rate,diabetes_prevalence,female_smokers,male_smokers,handwashing_facilities,hospital_beds_per_thousand,life_expectancy,human_development_index,population,excess_mortality_cumulative_absolute,excess_mortality_cumulative,excess_mortality,excess_mortality_cumulative_per_million
252689,SLB,Oceania,Solomon Islands,2021-06-24,20,0,0,,0,0,27.614,0,0,,0,0,,,,,,,,,,,,,,,,,,,,,,,,211,,,,,291,46,0.006,25,21.841,20.8,3.507,2.043,2205.923,25.1,459.78,18.68,,,35.89,1.4,73,0.567,724272,,,,
233922,MAF,North America,Saint Martin (French part),2023-03-25,12280,0,0.286,46,0,0,385969.3,0,8.98,1445.813,0,0,,,,,,,,,,,,,,,,,,,,,,,,,,,,,,,,,590.533,,,,,,,,,,,,82.08,,31816,,,,
143322,KWT,Asia,Kuwait,2022-07-03,645115,283,447.143,2555,0,0,151120.22,66.294,104.745,598.517,0,0,1.02,,,,,,,,,,,,,,,,,,,,,,,2402,,,,,563,243,0.006,5.56,232.128,33.7,2.345,1.114,65530.535,,132.235,15.84,2.7,37,,2,75.49,0.806,4.268886e+06,,,,
115622,GUY,South America,Guyana,2023-04-22,73121,0,0.286,1298,0,0,90414.94,0,0.353,1604.992,0,0,,,,,,,,,,,,,,,,,,,,,,,,,,,,,,,,,3.952,26.3,5.305,2.837,7435.047,,373.159,11.62,,,77.159,1.6,69.91,0.682,808727,,,,
298886,VEN,South America,Venezuela,2021-04-22,185736,1141,1252,1944,19,18.429,6562.715,40.316,44.238,68.688,0.671,0.651,1.05,,,,,,,,,,,,,,,,,,,,,,,1784,,,,,63,1784,0.006,87.96,36.253,29,6.614,3.915,16745.021,,204.85,6.47,,,,0.8,72.06,0.711,2.83017e+07,,,,
136183,JEY,Europe,Jersey,2022-12-13,64067,149,95.429,142,0,0,578242.9,1344.814,861.3,1281.635,0,0,,,,,,,,,,,,,,,,,,,,,,,,76,,,,,686,1,0.001,,,,,,,,,,,,,,,,110796,,,,
74825,ECU,South America,Ecuador,2021-06-12,437121,1098,911.714,20997,48,34.571,24283.148,60.997,50.648,1166.435,2.667,1.921,0.99,,,,,,,,,1.417925e+06,3909,79.669,0.22,3613,0.203,0.26,3.8,people tested,3.642516e+06,2.539644e+06,1.102872e+06,,49734,59762,20.24,14.11,6.13,,3320,35204,0.196,56.48,66.939,28.1,7.104,4.458,10581.936,3.6,140.448,5.55,2,12.3,80.635,1.5,77.01,0.759,1.8001002e+07,,,,
4897,ASM,Oceania,American Samoa,2020-01-31,,0,0,,0,0,,0,0,,0,0,,,,,,,,,,,,,,,,,,,,,,,,,,,,,,,,,278.205,,,,,,283.75,,,,,,73.74,,44295,,,,
274828,TGO,Africa,Togo,2022-02-14,36660,26,8.857,271,1,0.286,4142.981,2.938,1.001,30.626,0.113,0.032,0.62,,,,,,,,,676842,863,78.294,0.1,957,0.111,0.0082,121.8,tests performed,,,,,,5219,,,,,590,3190,0.036,43.52,143.366,19.4,2.839,1.525,1429.813,49.2,280.033,6.15,0.9,14.2,10.475,0.7,61.04,0.515,8.8487e+06,,,,
192471,NIC,North America,Nicaragua,2021-06-30,6604,202,28.857,191,1,0.143,950.435,29.071,4.153,27.488,0.144,0.021,1.33,,,,,,,,,,,,,,,,,,,,,,,4431,,,,,638,1523,0.022,8.33,51.667,27.3,5.445,3.519,5321.444,3.2,137.016,11.47,,,,0.9,74.48,0.66,6.948395e+06,9432.198,24.8,26.3,1376.8535
84520,ETH,Africa,Ethiopia,2021-07-13,277137,66,90.571,4343,0,1.571,2246.208,0.535,0.734,35.2,0,0.013,1.02,,,,,,,,,2.929862e+06,4880,24.358,0.041,5053,0.042,0.0174,57.6,tests performed,2.064777e+06,2.064777e+06,,,2321,2172,1.67,1.67,,,18,2172,0.002,43.52,104.957,19.8,3.526,2.063,1729.927,26.7,182.634,7.47,0.4,8.5,7.96,0.3,66.6,0.485,1.2337993e+08,,,,
27326,BLZ,North America,Belize,2021-06-04,12833,14,7,325,0,0.286,31664.139,34.544,17.272,801.905,0,0.705,1.33,,,,,,,,,,,,,547,1.367,0.0183,54.7,tests performed,80121,67851,12270,,1591,697,19.77,16.74,3.03,,1720,540,0.133,65.63,16.426,25,3.853,2.279,7824.362,,176.957,17.11,,,90.083,1.3,74.62,0.716,405285,,,,
187607,NPL,Asia,Nepal,2021-07-14,660788,2010,1518,9430,18,19.857,21631.432,65.799,49.693,308.699,0.589,0.65,1.03,,,,,,,,,3.685872e+06,13024,122.719,0.434,11010,0.367,0.205,4.9,samples tested,3.730344e+06,2.621476e+06,1.108868e+06,,15407,38177,12.21,8.58,3.63,,1250,1381,0.005,52.78,204.43,25,5.809,3.212,2442.804,15,260.797,7.26,9.5,37.8,47.782,0.3,70.78,0.602,3.0547586e+07,,,,
106427,GRD,North America,Grenada,2021-06-15,161,0,0,1,0,0,1283.288,0,0,7.971,0,0,-0,,,,,,,,,,,,,,,,,,,,,,,159,,,,,1267,77,0.061,,317.132,29.4,7.304,5.021,13593.877,,243.964,10.71,,,,3.7,72.4,0.779,125459,,,,
173620,MEX,North America,Mexico,2023-03-23,7.529139e+06,3781,2130.571,333540,17,13,59050.16,29.654,16.71,2615.915,0.133,0.102,,,,,,,,,,,,,,,,,,,,,,,,,,,,,,,,,66.444,29.3,6.857,4.321,17336.469,2.5,152.783,13.06,6.9,21.4,87.847,1.38,75.05,0.779,1.2750412e+08,,,,
289332,GBR,Europe,United Kingdom,2021-11-06,9.453947e+06,33661,37344.145,169299,169,179,140039.94,498.615,553.173,2507.801,2.503,2.652,0.97,1018,15.079,8889,131.671,,,6758,100.105,3.2639494e+08,659398,4851.217,9.801,917552,13.638,0.0393,25.4,tests performed,1.06167624e+08,5.0236896e+07,4.5838068e+07,1.0092659e+07,484130,365359,157.26,74.42,67.9,14.95,5412,39567,0.059,43.62,272.898,40.8,18.517,12.527,39753.242,0.2,122.137,4.28,20,24.7,,2.54,81.32,0.932,6.7508936e+07,,,,
277012,TON,Oceania,Tonga,2021-06-09,,0,0,,0,0,,0,0,,0,0,,,,,,,,,,,,,,,,,,,,,,,,2,,,,,19,2,0.002,47.22,150.028,22.3,5.82,4.032,5425.621,,227.49,15.42,11.8,44.4,,2.6,70.91,0.725,106867,,,,
14669,OWID_ASI,,Asia,2020-02-23,77996,904,1307.286,2456,3,98.143,16.52,0.191,0.277,0.52,0.001,0.021,,,,,,,,,,,,,,,,,,,,,,,,,,,,,,,,,,,,,,,,,,,,,,,4.7213834e+09,,,,
244306,SRB,Europe,Serbia,2021-11-13,1.204902e+06,3822,4367,10722,67,64.429,175346.55,556.207,635.519,1560.347,9.75,9.376,0.77,274,39.875,6509,947.239,,,,,6.557604e+06,14699,954.313,2.139,16513,2.403,0.253,4,people tested,,,,,,26178,,,,,3810,4255,0.062,40.74,80.291,41.2,17.366,,14048.881,,439.415,10.08,37.7,40.2,97.719,5.609,76,0.806,6.871547e+06,,,,
197331,OWID_NAM,,North America,2021-06-20,3.9275088e+07,26230,23874.143,902558,547,495.571,65423.19,43.693,39.769,1503.452,0.911,0.826,,,,,,,,,,,,,,,,,,,4.270219e+08,2.4664843e+08,1.9045579e+08,1113,1.029625e+06,2.04835e+06,71.13,41.09,31.73,0,3412,787544,0.131,,,,,,,,,,,,,,,,6.0032365e+08,,,,
265562,CHE,Europe,Switzerland,2020-01-10,,0,0,,0,0,,0,0,,0,0,,,,,,,,,,,,,,,,,,,,,,,,,,,,,,,,,214.243,43.1,18.436,12.644,57410.164,,99.739,5.59,22.6,28.9,,4.53,83.78,0.955,8.740471e+06,,,,
62318,HRV,Europe,Croatia,2020-07-28,4881,24,73,139,3,2.429,1211.058,5.955,18.113,34.488,0.744,0.603,0.86,,,133,33,,,,,114090,1256,28.1,0.309,1223,0.301,0.0585,17.1,people tested,,,,,,,,,,,,,,35.19,73.726,44,19.724,13.053,22669.797,0.7,253.782,5.59,34.3,39.9,,5.54,78.49,0.851,4.030361e+06,,,,
30179,BMU,North America,Bermuda,2022-07-28,17193,205,67.286,144,2,0.429,267774.53,3192.798,1047.95,2242.746,31.149,6.675,,,,,,,,,,,,,,,,,,,,,,,,,,,,,,,,16.04,1308.82,,,,50669.316,,139.547,13,,,,,82.59,,64207,,,,
162698,MYS,Asia,Malaysia,2023-05-07,,,,,,,,,,,,,,,,,,,,,,,,,,,,,,,7.2617904e+07,2.8135126e+07,2.7548584e+07,1.7152408e+07,246,286,213.97,82.9,81.17,50.54,8,36,0,,96.254,29.9,6.293,3.407,26808.164,0.1,260.942,16.74,1,42.4,,1.9,76.16,0.81,3.3938216e+07,,,,
39437,BRN,Asia,Brunei,2021-04-06,214,0,0.571,3,0,0,476.613,0,1.273,6.681,0,0,0.75,,,,,,,,,,,,,,,,,,2560,2560,,,1346,640,0.57,0.57,,,1425,640,0.143,40.74,81.347,32.4,4.591,2.382,71809.25,,201.285,12.79,2,30.9,,2.7,75.86,0.838,449002,,,,
21262,BHR,Asia,Bahrain,2021-07-02,265975,148,224.286,1353,1,2.714,180660.45,100.527,152.343,919.01,0.679,1.844,0.47,,,,,,,,,5.052499e+06,13802,3452.894,9.432,12630,8.631,0.0164,61.1,units unclear,2.133703e+06,1.061023e+06,993896,,5363,17712,144.93,72.07,67.51,,12031,1548,0.105,44.31,1935.907,32.4,2.372,1.387,43290.703,,151.689,16.52,5.8,37.6,,2,77.29,0.852,1.472237e+06,,,,
302713,WLF,Oceania,Wallis and Futuna,2022-01-12,453,0,0,7,0,0,39065.195,0,0,603.656,0,0,,,,,,,,,,,,,,,,,,,,,,,,7,,,,,604,3,0.026,,,,,,,,,,,,,,79.94,,11596,,,,
234550,SPM,North America,Saint Pierre and Miquelon,2021-08-13,30,0,0.143,,0,0,5097.706,0,24.275,,0,0,,,,,,,,,,,,,,,,,,,,,,,,,,,,,,,,,,,,,,,,,,,,,81.07,,5885,,,,
144232,KGZ,Asia,Kyrgyzstan,2021-08-30,175589,152,205.857,2524,6,5,26481.531,22.924,31.046,380.658,0.905,0.754,0.67,,,,,,,,,,,,,,,,,,1.125963e+06,680926,442499,,1613,14840,16.98,10.27,6.67,,2238,5236,0.079,44.44,32.333,26.3,4.489,2.882,3393.474,1.4,436.362,7.11,3.6,50.5,89.22,4.5,71.45,0.697,6.630621e+06,,,,
240533,SAU,Asia,Saudi Arabia,2021-05-03,419348,937,1018.857,6979,11,11.286,11517.757,25.736,27.984,191.684,0.302,0.31,1.03,,,,,,,,,1.7166028e+07,68997,477.492,1.919,65332,1.817,0.0156,64.2,tests performed,9.772409e+06,,,,116890,183364,26.84,,,,5036,,,53.7,15.322,31.9,3.295,1.845,49045.41,,259.538,17.72,1.8,25.4,,2.7,75.13,0.854,3.6408824e+07,,,,
99471,GEO,Asia,Georgia,2022-06-08,1.65824e+06,0,73,16785,0,1,442860.44,0,19.496,4482.712,0,0.267,0.55,,,,,,,,,,,,,,,,,,,,,,,306,,,,,82,201,0.005,13.89,65.032,38.7,14.864,10.244,9745.079,4.2,496.218,7.11,5.3,55.5,,2.6,73.77,0.812,3.744385e+06,,,,
32785,BOL,South America,Bolivia,2023-01-16,1.179195e+06,695,1113.571,22333,4,2,96464.66,56.855,91.096,1826.963,0.327,0.164,,,,,,,,,,,,,,,,,,,,,,,,,,,,,,,,,10.202,25.4,6.704,4.393,6885.829,7.1,204.299,6.89,,,25.383,1.1,71.51,0.718,1.2224114e+07,,,,
183335,MOZ,Africa,Mozambique,2023-03-02,233214,0,9.429,2242,0,0,7073.624,0,0.286,68.002,0,0,,,,,,,,,,,,,,,,,,,,,,,,0,,,,,0,98,0,,37.728,17.7,3.158,1.87,1136.103,62.9,329.942,3.3,5.1,29.1,12.227,0.7,60.85,0.456,3.296952e+07,,,,
36020,BWA,Africa,Botswana,2021-11-26,194909,0,66.286,2416,0,0,74101.43,0,25.201,918.526,0,0,0.83,,,,,,,,,1.869359e+06,,722.2,,1940,0.749,0.0342,29.3,tests performed,,,,,,2733,,,,,1039,7810,0.297,13.89,4.044,25.8,3.941,2.242,15807.374,,237.372,4.81,5.7,34.4,,1.8,69.59,0.735,2.6303e+06,,,,
238727,SMR,Europe,San Marino,2023-01-21,23403,5,4.857,122,0,0,694657.2,148.412,144.172,3621.253,0,0,,,,,,,,,,,,,,,,,,,,,,,,,,,,,,,,,556.667,,,,56861.47,,,5.64,,,,3.8,84.97,,33690,,,,
268211,TWN,Asia,Taiwan,2020-08-25,,,,,,,,,,,,,0.75,,,,,,,,,86414,155,3.622,0.006,185,0.008,0.0008,1293.7,people tested,,,,,,,,,,,,,,23.15,,42.2,,8.353,,,103.957,,,,,,80.46,,2.3893396e+07,,,,
108180,GLP,North America,Guadeloupe,2022-12-03,198318,0,117.714,995,0,0,501104.2,0,297.437,2514.137,0,0,,,,,,,,,,,,,,,,,,,,,,,,,,,,,,,,,,43.4,,,,,,,,,,,82.14,,395762,,,,
82702,EST,Europe,Estonia,2023-03-26,616383,32,51,2957,0,1.143,464821.47,24.132,38.46,2229.907,0,0.862,,6,4.525,139,104.821,2,1.502,131,99.114,,,,,,,,,,2.110827e+06,869232,861565,599599,8,34,159.18,65.55,64.97,45.22,26,3,0,,31.033,42.7,19.452,13.491,29481.252,0.5,255.569,4.02,24.5,39.3,,4.69,78.74,0.892,1.326064e+06,4552.9,8.87,-10.92,3441.9592
208975,PLW,Oceania,Palau,2021-08-05,,0,0,,0,0,,0,0,,0,0,,,,,,,,,,,,,,,,,,,,,,,,,,,,,,,,,47.237,,,,13240.405,,,15.89,7.7,22.7,,4.8,73.7,0.826,18084,,,,
119937,HKG,Asia,Hong Kong,2021-11-07,,,,,,,,,,,,,,,,,,,,,,,,,,50888,6.79,,,tests performed,9.097695e+06,4.645328e+06,4.451522e+06,845,6321,7701,121.48,62.03,59.44,0.01,1028,3967,0.053,52.78,7039.714,44.8,16.303,10.158,56054.92,,,8.33,,,,,84.86,0.949,7.488863e+06,,,,
57905,COG,Africa,Congo,2021-10-26,17323,455,130.714,258,9,2.714,2901.466,76.209,21.894,43.213,1.507,0.455,0.86,,,,,,,,,,,,,,,,,,,,,,,5526,,,,,926,5270,0.088,36.11,15.405,19,3.402,2.063,4881.406,37,344.094,7.2,1.7,52.3,47.964,,64.57,0.574,5.97043e+06,,,,
33400,BES,North America,Bonaire Sint Eustatius and Saba,2021-05-24,1607,0,2.286,17,0,0,59404.11,0,84.493,628.419,0,0,,,,,,,,,,,,,,,,,,,,,,,,196,,,,,7245,92,0.34,,,,,,,,,,,,,,77.79,,27052,,,,
270698,TZA,Africa,Tanzania,2020-10-23,509,0,0,21,0,0,7.771,0,0,0.321,0,0,0,,,,,,,,,,,,,,,,,,,,,,,,,,,,,,,17.59,64.699,17.7,3.108,1.874,2683.304,49.1,217.288,5.75,3.3,26.7,47.953,0.7,65.46,0.529,6.5497752e+07,,,,
18180,AUT,Europe,Austria,2023-01-28,5.769306e+06,3092,2492.143,21796,3,6.286,645363.9,345.876,278.775,2438.136,0.336,0.703,,40,4.474,615,68.795,,,,,,,,,,,,,,,,,,,1469,,,,,164,25,0,,106.749,44.4,19.202,13.748,45436.688,0.7,145.183,6.35,28.4,30.9,,7.37,81.54,0.922,8.939617e+06,,,,
218663,POL,Europe,Poland,2021-06-14,2.878895e+06,140,308.143,74596,1,59.143,72230.336,3.513,7.731,1871.584,0.025,1.484,0.51,,,1982,49.728,,,,,,,,,49529,1.293,0.0066,152.1,tests performed,2.4687628e+07,1.5549895e+07,9.929923e+06,,217328,335286,61.94,39.01,24.91,,8412,122811,0.308,53.01,124.027,41.8,16.763,10.202,27216.445,,227.331,5.91,23.3,33.1,,6.62,78.73,0.88,3.9857144e+07,,,,
158675,MAC,Asia,Macao,2022-04-10,,,,,,,,,,,,,,,,,,,,,,,,,,,,,,,,,,,,3382,,,,,4865,702,0.101,32.41,20546.766,39.2,9.798,4.991,104861.85,,,,,,,,84.24,,695180,,,,
208319,PAK,Asia,Pakistan,2023-02-17,1.576603e+06,31,22.857,30641,1,0.143,6685.482,0.131,0.097,129.931,0.004,0.001,,,,,,,,,,,,,,,,,,,,,,,,6594,,,,,28,0,0,,255.573,23.5,4.495,2.78,5034.708,4,423.031,8.35,2.8,36.7,59.607,0.6,67.27,0.557,2.3582486e+08,,,,
24174,BRB,North America,Barbados,2022-10-18,103014,0,57.857,560,0,0,365757,0,205.425,1988.312,0,0,0.2,,,,,,,,,,,,,,,,,,,,,,,55,,,,,195,5,0.002,11.11,664.463,39.8,14.952,9.473,16978.068,,170.05,13.57,1.9,14.5,88.469,5.8,79.19,0.814,281646,,,,
83321,SWZ,Africa,Eswatini,2021-07-31,25515,667,479.857,779,7,5.286,21232.773,555.056,399.322,648.259,5.825,4.399,1.51,,,,,,,,,,,,,,,,,,,,,,,62,,,,,52,34,0.003,66.67,79.492,21.5,3.163,1.845,7738.975,,333.436,3.94,1.7,16.5,24.097,2.1,60.19,0.611,1.20168e+06,,,,
55725,COL,South America,Colombia,2022-07-07,6.175181e+06,0,3403.857,140070,0,14.286,119041.87,0,65.618,2700.195,0,0.275,1.05,,,,,,,,,,,,,,,,,,,,,,,30294,,,,,584,2678,0.005,19.44,44.223,32.2,7.646,4.312,13254.949,4.5,124.24,7.44,4.7,13.5,65.386,1.71,77.29,0.767,5.1874028e+07,,,,
171161,MUS,Africa,Mauritius,2023-02-28,296093,51,48.571,1044,0,0,227855.34,39.247,37.378,803.4,0,0,,,,,,,,,,,,,,,,,,,,,,,,14,,,,,11,0,0,,622.962,37.4,10.945,5.884,20292.744,0.5,224.644,22.02,3.2,40.7,,3.4,74.99,0.804,1.299478e+06,,,,
246652,SLE,Africa,Sierra Leone,2021-08-11,6318,3,3.714,121,0,0.143,734.163,0.349,0.432,14.06,0,0.017,0.66,,,,,,,,,,,,,,,,,,,,,,,1415,,,,,164,1142,0.013,56.48,104.7,19.1,2.538,1.285,1390.3,52.2,325.721,2.42,8.8,41.3,19.275,,54.7,0.452,8.605723e+06,,,,
47887,CPV,Africa,Cape Verde,2021-01-21,13224,85,90.286,121,1,0.857,22294.078,143.3,152.211,203.991,1.686,1.445,1.07,,,,,,,,,,,,,,,,,tests performed,,,,,,,,,,,,,,64.81,135.58,25.7,4.46,3.437,6222.554,,182.219,2.42,2.1,16.5,,2.1,72.98,0.665,593162,,,,
301914,OWID_WLS,Europe,Wales,2023-03-06,,,,,,,,,,,,,,0,0,0,0,,,4,1.262,,,,,,,,,,8.623075e+06,,2.476571e+06,4.062158e+06,370,391,272.02,,78.13,128.14,123,6,0,,,,,,,,,,,,,,,,3.17e+06,,,,
34607,BIH,Europe,Bosnia and Herzegovina,2021-05-14,202003,207,235.714,8940,15,28,62471.355,64.017,72.897,2764.78,4.639,8.659,0.64,,,,,,,,,937964,1705,286.756,0.521,2199,0.672,0.0942,10.6,tests performed,,,,,,2330,,,,,721,1724,0.053,42.59,68.496,42.5,16.569,10.711,11713.895,0.2,329.635,10.08,30.2,47.7,97.164,3.5,77.4,0.78,3.23353e+06,,,,
157030,OWID_LMC,,Lower middle income,2023-05-08,,,,,,,,,,,,,,,,,,,,,,,,,,,,,,,4.8569733e+09,2.2549312e+09,2.0209088e+09,6.4994176e+08,,,141.52,65.7,58.88,18.94,,,,,,,,,,,,,,,,,,,3.4320973e+09,,,,
12342,ARM,Asia,Armenia,2020-06-15,17064,397,534.143,285,16,10.571,6137.088,142.782,192.105,102.501,5.754,3.802,1.11,,,,,,,,,85556,1956,30.655,0.701,2022,0.724,0.27,3.7,tests performed,,,,,,,,,,,,,,,102.931,35.7,11.232,7.571,8787.58,1.8,341.01,7.11,1.5,52.1,94.043,4.2,75.09,0.776,2.780472e+06,,,,
205342,OWID_OCE,,Oceania,2021-08-29,173577,8609,2238,2268,4,27.143,3853.939,191.146,49.69,50.357,0.089,0.603,,,,,,,,,,,,,,,,,,,2.3995768e+07,1.5214637e+07,8.781064e+06,67,221910,369654,53.28,33.78,19.5,0,8207,217621,0.483,,,,,,,,,,,,,,,,4.503886e+07,,,,
139963,KEN,Africa,Kenya,2023-04-21,343023,1,3.429,5688,0,0,6349.046,0.019,0.063,105.28,0,0,,,,,,,,,,,,,,,,,,,,,,,,,,,,,,,,,87.324,20,2.686,1.528,2993.028,36.8,218.637,2.92,1.2,20.4,24.651,1.4,66.7,0.601,5.4027484e+07,,,,
152121,LBY,Africa,Libya,2023-04-03,507206,0,0,6437,0,0,74453.96,0,0,944.902,0,0,,,,,,,,,,,,,,,,,,,,,,,,,,,,,,,,,3.623,29,4.424,2.816,17881.51,,341.862,10.43,,,,3.7,72.91,0.724,6.812344e+06,,,,
278421,TTO,North America,Trinidad and Tobago,2021-12-18,83130,567,684.429,2503,17,23.857,54296.32,370.336,447.034,1634.833,11.104,15.582,1,,,,,,,,,485659,1609,318.327,1.055,2020,1.324,0.336,3,people tested,1.369643e+06,702844,659702,54055,3787,3281,89.46,45.91,43.09,3.53,2143,624,0.041,56.47,266.886,36.2,10.014,5.819,28763.07,,228.467,10.97,,,89.443,3,73.51,0.796,1.531043e+06,,,,
37106,BRA,South America,Brazil,2021-07-18,1.9308108e+07,45591,41087.145,540398,1456,1244.286,89674.4,211.742,190.825,2509.819,6.762,5.779,0.93,,,,,,,,,5.4732336e+07,54875,255.369,0.256,47155,0.22,,,tests performed,1.22859536e+08,9.26306e+07,3.3891244e+07,,243840,1.21563e+06,57.06,43.02,15.74,,5646,908336,0.422,56.94,25.04,33.5,8.552,5.06,14103.452,3.4,177.961,8.11,10.1,17.9,,2.2,75.88,0.765,2.153135e+08,,,,
231486,KNA,North America,Saint Kitts and Nevis,2023-03-23,6597,0,0,46,0,0,138357,0,0,964.745,0,0,,,,,,,,,,,,,,,,,,,,,,,,,,,,,,,,,212.865,,,,24654.385,,,12.84,,,,2.3,76.23,0.779,47681,,,,
4845,DZA,Africa,Algeria,2023-04-10,271613,0,3,6881,0,0,6048.852,0,0.067,153.241,0,0,,,,,,,,,,,,,,,,,,,,,,,,,,,,,,,,,17.348,29.1,6.211,3.857,13913.839,0.5,278.364,6.73,0.7,30.4,83.741,1.9,76.88,0.748,4.4903228e+07,,,,
200114,MKD,Europe,North Macedonia,2022-05-29,311701,0,71.714,9304,0,0.429,148882.36,0,34.254,4444.007,0,0.205,1.01,,,,,,,,,,,,,1082,0.514,0.0663,15.1,tests performed,,,,,,32,,,,,15,14,0.001,,82.6,39.1,13.26,8.16,13111.214,5,322.688,10.08,,,,4.28,75.8,0.774,2.093606e+06,,,,
132657,ITA,Europe,Italy,2023-04-27,2.5782814e+07,1578,3115.571,189712,25,21.714,436719.47,26.729,52.773,3213.417,0.423,0.368,,99,1.677,3079,52.153,73,1.237,1494,25.306,,,,,,,,,,1.4384701e+08,5.0894384e+07,4.7969628e+07,4.7005276e+07,528,275,243.65,86.21,81.25,79.62,5,15,0,,205.859,47.9,23.021,16.24,35220.086,2,113.151,4.78,19.8,27.8,,3.18,83.51,0.892,5.9037472e+07,,,,
161078,MWI,Africa,Malawi,2022-03-30,85625,5,8.429,2626,0,0,4196.21,0.245,0.413,128.692,0,0,0.85,,,,,,,,,,,,,429,0.022,0.019,52.7,tests performed,,,,,,1377,,,,,67,597,0.003,38.77,197.519,18.1,2.979,1.783,1095.042,71.4,227.349,3.94,4.4,24.7,8.704,1.3,64.26,0.483,2.0405318e+07,,,,
89412,FLK,South America,Falkland Islands,2021-07-25,60,0,0,,0,0,15785.32,0,0,,0,0,,,,,,,,,,,,,,,,,,,,,,,,,,,,,,,,,,,,,,,,,,,,,81.44,,3801,,,,
93027,FRA,Europe,France,2021-06-19,5.645888e+06,2132,2357,109778,63,47.429,87361.64,32.989,36.471,1698.65,0.975,0.734,0.67,1703,25.113,10531,155.295,328,4.837,1432,21.117,9.107308e+07,204956,1350.792,3.04,262051,3.887,0.009,111.1,people tested,4.9037904e+07,3.2654104e+07,1.6823712e+07,72880,498846,585631,72.31,48.15,24.81,0.11,8636,261708,0.386,53.94,122.578,42,19.718,13.079,38605.67,,86.06,4.77,30.1,35.6,,5.98,82.66,0.901,6.7813e+07,,,,
291113,VIR,North America,United States Virgin Islands,2020-01-19,,0,0,,0,0,,0,0,,0,0,,,,,,,,,,,,,,,,,,,,,,,,,,,,,,,,,306.48,42.2,18.601,10.799,,,273.67,12.26,,,,,80.58,,99479,,,,
98341,GMB,Africa,Gambia,2022-09-03,12402,2,4,371,0,0,4583.157,0.739,1.478,137.103,0,0,0.12,,,,,,,,,,,,,,,,,,,,,,,0,,,,,0,1057,0.039,13.89,207.566,17.5,2.339,1.417,1561.767,10.1,331.43,1.91,0.7,31.2,7.876,1.1,62.05,0.496,2.705995e+06,,,,
20661,BHS,North America,Bahamas,2023-03-10,37491,0,0,833,0,0,91443.914,0,0,2031.762,0,0,,,,,,,,,,,,,,,,,,,,,,,,9,,,,,22,,,,39.497,34.3,8.996,5.2,27717.848,,235.954,13.17,3.1,20.4,,2.9,73.92,0.814,409989,,,,
227891,BLM,North America,Saint Barthelemy,2020-01-17,,0,0,,0,0,,0,0,,0,0,,,,,,,,,,,,,,,,,,,,,,,,,,,,,,,,,,,,,,,,,,,,,,,10994,,,,
96153,GAB,Africa,Gabon,2020-01-06,,0,,,0,,,0,,,0,,,,,,,,,,,,,,,,,,,,,,,,,,,,,,,,,,7.859,23.1,4.45,2.976,16562.412,3.4,259.967,7.2,,,,6.3,66.47,0.703,2.388997e+06,,,,
147874,LBN,Asia,Lebanon,2021-08-15,581497,1498,1628.429,7972,5,4.857,105924.25,272.872,296.631,1452.162,0.911,0.885,1.11,,,,,,,,,,,,,,,,,,2.203682e+06,1.225483e+06,978199,,11563,16940,40.14,22.32,17.82,,3086,8246,0.15,65.24,594.561,31.1,8.514,5.43,13367.565,,266.591,12.71,26.9,40.7,,2.9,78.93,0.744,5.489744e+06,,,,
26708,BEL,Europe,Belgium,2023-01-24,4.696336e+06,119,341,33548,5,4.143,402914.12,10.209,29.256,2878.193,0.429,0.355,,48,4.118,663,56.881,,,305,26.167,,,,,,,,,,2.961267e+07,9.265424e+06,9.167865e+06,1.1610064e+07,920,770,254.06,79.49,78.65,99.61,66,22,0,,375.564,41.8,18.571,12.849,42658.574,0.2,114.898,4.29,25.1,31.4,,5.64,81.63,0.931,1.1655923e+07,,,,
166546,MHL,Oceania,Marshall Islands,2020-07-09,,0,0,,0,0,,0,0,,0,0,,,,,,,,,,,,,,0,0,,,tests performed,,,,,,,,,,,,,,,295.15,,,,3819.202,,557.793,30.53,,,82.502,2.7,73.7,0.704,41593,,,,
146049,LAO,Asia,Laos,2023-04-16,218048,1,1.571,671,0,0,28959.248,0.133,0.209,89.116,0,0,,,,,,,,,,,,,,,,,,,,,,,,,,,,,,,,,29.715,24.4,4.029,2.322,6397.36,22.7,368.111,4,7.3,51.2,49.839,1.5,67.92,0.613,7.529477e+06,,,,
54299,CHN,Asia,China,2021-12-10,128884,107,91.286,5697,0,0,90.389,0.075,0.064,3.995,0,0,1.13,,,,,,,,,,,,,1.4769984e+07,10.358,0,151376.8,tests performed,2.591879e+09,,1.1624881e+09,1.2058e+08,9.139e+06,8.44e+06,181.77,,81.53,8.46,5919,896590,0.063,79.17,147.674,38.7,10.641,5.929,15308.712,0.7,261.899,9.74,1.9,48.4,,4.34,76.91,0.761,1.4258874e+09,,,,
14369,ABW,North America,Aruba,2022-09-03,42848,0,14,227,0,0,402483.6,0,131.506,2132.276,0,0,,,,,,,,,,,,,,,,,,,,,,,,10,,,,,94,3,0.003,25.93,584.8,41.2,13.085,7.452,35973.78,,,11.62,,,,,76.29,,106459,,,,
237466,WSM,Oceania,Samoa,2022-12-08,16258,0,0.286,29,0,0,73105.805,0,1.285,130.402,0,0,0.09,,,,,,,,,,,,,,,,,,,,,,,10,,,,,45,1,0,,69.413,22,5.606,3.564,6021.557,,348.977,9.21,16.7,38.1,,,73.32,0.715,222390,,,,
180344,MSR,North America,Montserrat,2021-08-22,25,0,0.429,1,0,0,5665.08,0,97.116,226.603,0,0,,,,,,,,,,,,,,,,,,,,,,,,0,,,,,0,0,0,,,,,,,,,,,,,,74.16,,4413,,,,
142390,OWID_KOS,Europe,Kosovo,2023-04-14,273774,5,4,3205,0,0,153623.08,2.806,2.245,1798.425,0,0,,,,,,,,,,,,,,,,,,,,,,,,,,,,,,,,,168.155,,,,9795.834,0.6,,,,,,,,,1.782115e+06,,,,
78437,OWID_ENG,Europe,England,2021-07-20,,,,,,,,,,,,,,544,9.62,3894,68.859,,,4764,84.244,,,,,,,,,,6.9380976e+07,3.8928936e+07,3.0452042e+07,,159820,189688,122.69,68.84,53.85,,3354,43542,0.077,,,,,,,,,,,,,,,,5.655e+07,,,,
46678,CAN,North America,Canada,2021-01-29,761226,4204,5104.429,19399,130,152.143,19795.588,109.324,132.74,504.469,3.381,3.956,0.83,812,21.116,3737,97.18,,,,,2.1334846e+07,132951,559.162,3.484,112664,2.953,0.0402,24.8,tests performed,953030,850343,102687,,21812,23619,2.48,2.21,0.27,,614,16121,0.042,75.46,4.037,41.4,16.984,10.797,44017.59,0.5,105.599,7.37,12,16.6,,2.5,82.43,0.929,3.8454328e+07,,,,
117461,OWID_HIC,,High income,2021-09-04,9.337375e+07,320427,297514.16,1.692034e+06,2841,2428.857,74668.266,256.236,237.913,1353.07,2.272,1.942,,,,,,,,,,,,,,,,,,,1.4533987e+09,7.9514816e+08,6.7487245e+08,9.970876e+06,4.60332e+06,5.670811e+06,116.22,63.59,53.97,0.8,4535,2.283836e+06,0.183,,,,,,,,,,,,,,,,1.2505146e+09,,,,
44866,KHM,Asia,Cambodia,2022-10-13,137952,11,6.571,3056,0,0,8227.172,0.656,0.392,182.254,0,0,0.81,,,,,,,,,,,,,,,,,,,,,,,844,,,,,50,780,0.005,14.81,90.672,25.6,4.412,2.385,3645.07,,270.892,4,2,33.7,66.229,0.8,69.82,0.594,1.6767851e+07,,,,
300691,VNM,Asia,Vietnam,2022-12-01,1.1516489e+07,581,473.714,43176,4,0.857,117291.555,5.917,4.825,439.733,0.041,0.009,0.99,,,,,,,,,,,,,,,,,,2.6463592e+08,,8.523915e+07,5.736012e+07,,113955,269.52,,86.81,58.42,1161,537,0.001,23.15,308.127,32.6,7.15,4.718,6171.884,2,245.465,6,1,45.9,85.847,2.6,75.4,0.704,9.8186856e+07,,,,
189292,NLD,Europe,Netherlands,2022-10-25,8.502627e+06,1504,2707.714,22774,0,6.571,484093.44,85.63,154.163,1296.628,0,0.374,1.15,41,2.334,796,45.32,64,3.644,1092,62.173,,,,,,,,,,,,,,,,,,,,,,,11.11,508.544,43.2,18.779,11.881,48472.547,,109.361,5.29,24.4,27.3,,3.32,82.28,0.944,1.756402e+07,,,,
295996,VUT,Oceania,Vanuatu,2020-01-22,,0,0,,0,0,,0,0,,0,0,,,,,,,,,,,,,,,,,,,,,,,,,,,,,,,,0,22.662,23.1,4.394,2.62,2921.909,13.2,546.3,12.02,2.8,34.5,25.209,,70.47,0.609,326744,,,,
2275,OWID_AFR,,Africa,2022-11-25,1.2949649e+07,3022,1889,258244,33,7.571,9076.412,2.118,1.324,181.003,0.023,0.005,,,,,,,,,,,,,,,,,,,6.915376e+08,4.5186602e+08,3.6439792e+08,5.8350836e+07,1.770564e+06,1.500818e+06,48.47,31.67,25.54,4.09,1052,772233,0.054,,,,,,,,,,,,,,,,1.4267366e+09,,,,
232719,LCA,North America,Saint Lucia,2023-04-08,30028,0,0,409,0,0,166940.94,0,0,2273.839,0,0,,,,,,,,,,,,,,,,,,,,,,,,,,,,,,,,,293.187,34.9,9.721,6.405,12951.839,,204.62,11.62,,,87.202,1.3,76.2,0.759,179872,,,,
204705,NOR,Europe,Norway,2023-04-01,1.481194e+06,101,90.857,5319,0,2.714,272562.7,18.586,16.719,978.779,0,0.499,,,,,,,,,,,,,,,,,,,,,,,,,,,,,,,,,14.462,39.7,16.821,10.813,64800.06,0.2,114.316,5.31,19.6,20.7,,3.6,82.4,0.957,5.434324e+06,,,,
43056,BDI,Africa,Burundi,2021-02-27,2217,36,26.571,3,0,0,171.999,2.793,2.061,0.233,0,0,1.08,,,,,,,,,,,,,,,,,,,,,,,,,,,,,,,14.81,423.062,17.5,2.562,1.504,702.225,71.7,293.068,6.05,,,6.144,0.8,61.58,0.433,1.2889583e+07,,,,
258181,KOR,Asia,South Korea,2023-03-04,3.0564916e+07,9813,9433.857,34025,5,11.286,589876.25,189.382,182.065,656.653,0.096,0.218,,143,2.76,,,,,256,4.941,,,,,,,,,,,4.47841e+07,4.4368912e+07,,,,,86.43,85.63,,,121,0,,527.967,43.4,13.914,8.622,35938.375,0.2,85.998,6.8,6.2,40.9,,12.27,83.03,0.916,5.1815808e+07,,,,
284431,TUV,Oceania,Tuvalu,2021-10-04,,0,0,,0,0,,0,0,,0,0,,,,,,,,,,,,,,,,,,,,,,,,30,,,,,2647,0,0,,373.067,,,,3575.104,3.3,,27.25,,,,,67.57,,11335,,,,
172406,MYT,Africa,Mayotte,2023-03-28,42007,0,0.429,187,0,0,128811.18,0,1.314,573.421,0,0,,,,,,,,,,,,,,,,,,,,,,,,,,,,,,,,,,20.1,,2.411,,,,,,,,,79.46,,326113,,,,
186407,NRU,Oceania,Nauru,2021-07-31,,0,0,,0,0,,0,0,,0,0,,,,,,,,,,,,,,,,,,,,,,,,20,,,,,1576,2,0.016,,682.45,,,,12895.635,,,24.07,43,36.9,,5,59.96,,12691,,,,
86778,OWID_EUN,,European Union,2021-01-12,1.6974124e+07,111536,149671.42,429388,3107,3370.143,37707.973,247.777,332.495,953.884,6.902,7.487,,,,,,,,,,,,,,,,,,,3.529996e+06,3.527065e+06,1276,9,487907,360963,0.78,0.78,0,0,802,351892,0.078,,,,,,,,,,,,,,,,4.5014678e+08,,,,
102781,GIB,Europe,Gibraltar,2021-06-26,4335,3,2.571,94,0,0,132662.11,91.808,78.692,2876.641,0,0,,,,,,,,,,,,,,,,,,,,,,,,18,,,,,551,8,0.024,,3457.1,,,,,,,,,,,,79.93,,32677,,,,
9492,AIA,North America,Anguilla,2022-09-01,3837,0,4.571,11,0,0.143,241670.34,0,287.928,692.826,0,8.998,,,,,,,,,,,,,,,,,,,,,,,,1,,,,,63,0,0,,,,,,,,,,,,,,81.88,,15877,,,,
105573,GRL,North America,Greenland,2022-06-13,11971,0,0,21,0,0,211898.61,0,0,371.721,0,0,,,,,,,,,,,,,,,,,,,,,,,,,,,,,,,,11.11,0.137,,,,,,199.941,2.16,,,,,71.7,,56494,,,,
227488,RWA,Africa,Rwanda,2022-04-10,129747,0,2.571,1459,0,0,9417.856,0,0.187,105.903,0,0,0.68,,,,,,,,,5.163013e+06,3485,383.528,0.259,5032,0.374,0.0006,1601,samples tested,,,,,,0,,,,,0,1241,0.009,44.64,494.869,20.3,2.974,1.642,1854.211,56,191.375,4.28,4.7,21,4.617,,69.02,0.543,1.3776702e+07,,,,
1214,AFG,Asia,Afghanistan,2023-04-30,214880,31,115.714,7892,0,0.714,5224.566,0.754,2.813,191.885,0,0.017,,,,,,,,,,,,,,,,,,,1.6902292e+07,1.4778598e+07,1.4064253e+07,1.088148e+06,,8736,41.1,35.93,34.2,2.65,212,6896,0.017,,54.422,18.6,2.581,1.337,1803.987,,597.029,9.59,,,37.746,0.5,64.83,0.511,4.1128772e+07,,,,
94862,GUF,South America,French Guiana,2023-02-22,98041,0,0,413,0,0,321901.84,0,0,1356.019,0,0,,,,,,,,,,,,,,,,,,,,,,,,,,,,,,,,,,25.3,,2.897,,,,,,,,,79.95,,304568,,,,
217460,PCN,Oceania,Pitcairn,2021-06-28,,0,0,,0,0,,0,0,,0,0,,,,,,,,,,,,,,,,,,,,,,,,1,,,,,21277,0,0,,,,,,,,,,,,,,,,47,,,,
202649,MNP,Oceania,Northern Mariana Islands,2020-12-13,113,0,0.571,2,0,0,2279.421,0,11.527,40.344,0,0,,,,,,,,,,25559,10,516.542,0.202,89,1.799,0.018,55.6,tests performed,,,,,,,,,,,,,,,119.878,,,,,,194.994,,,,,,76.74,,49574,,,,
77810,SLV,North America,El Salvador,2022-12-15,201785,0,0,4230,0,0,31845.404,0,0,667.572,0,0,0,,,,,,,,,,,,,,,,,,,,,,,,,,,,,,,26.85,307.811,27.6,8.273,5.417,7292.458,2.2,167.295,8.87,2.5,18.8,90.65,1.3,73.32,0.673,6.336393e+06,,,,
169833,MRT,Africa,Mauritania,2022-11-09,63403,3,4.143,997,0,0,13387.045,0.633,0.875,210.509,0,0,0.36,,,,,,,,,,,,,,,,,,,,,,,6613,,,,,1396,1438,0.03,8.33,4.289,20.3,3.138,1.792,3597.633,6,232.347,2.42,,,15.95,,64.92,0.546,4.736146e+06,,,,
159826,MDG,Africa,Madagascar,2022-02-23,63433,0,84.143,1350,0,2.143,2142.159,0,2.842,45.59,0,0.072,0.66,,,,,,,,,,,,,872,0.03,0.0965,10.4,tests performed,,,,,,3300,,,,,111,2368,0.008,44.91,43.951,19.6,2.929,1.686,1416.44,77.6,405.994,3.94,,,50.54,0.2,67.04,0.528,2.9611718e+07,,,,
291023,USA,North America,United States,2023-02-23,1.017524e+08,0,36338.855,1.106783e+06,0,408.143,300784.66,0,107.419,3271.7,0,1.206,,2919,8.629,22429,66.301,,,24922,73.671,,,,,,,,,,6.726948e+08,2.6946954e+08,2.3018997e+08,,70607,60125,202.61,81.16,69.33,,181,11472,0.003,,35.608,38.3,15.413,9.732,54225.445,1.2,151.089,10.79,19.1,24.6,,2.77,78.86,0.926,3.3828986e+08,,,,
261570,LKA,Asia,Sri Lanka,2022-06-09,663917,16,10.286,16518,0,0,30410.06,0.733,0.471,756.591,0,0,1,,,,,,,,,7.685564e+06,1372,352.979,0.063,1371,0.063,0.0075,133.3,tests performed,,,,,,1466,,,,,67,108,0,30.56,341.955,34.1,10.069,5.331,11669.077,0.7,197.093,10.68,0.3,27,,3.6,76.98,0.782,2.183215e+07,,,,
264234,SUR,South America,Suriname,2023-01-26,82020,0,0,1398,0,0,132708.56,0,0,2261.968,0,0,,,,,,,,,,,,,,,,,,,,,,,,,,,,,,,,,3.612,29.6,6.933,4.229,13767.119,,258.314,12.54,7.4,42.9,67.779,3.1,71.68,0.738,618046,,,,
193684,NER,Africa,Niger,2021-06-24,5472,3,2.429,193,0,0.143,208.791,0.114,0.093,7.364,0,0.005,1.08,,,,,,,,,,,,,,,,,,255587,224803,30784,,,6938,0.98,0.86,0.12,,265,5199,0.02,27.78,16.955,15.1,2.553,1.378,926,44.5,238.339,2.42,0.1,15.4,8.978,0.3,62.42,0.394,2.6207982e+07,,,,
112531,GIN,Africa,Guinea,2021-07-04,23871,64,25.571,173,1,0.714,1722.375,4.618,1.845,12.483,0.072,0.052,1.23,,,,,,,,,,,,,,,,,,707349,469202,238147,,128912,23807,5.1,3.39,1.72,,1718,12137,0.088,61.99,51.755,19,3.135,1.733,1998.926,35.3,336.717,2.42,,,17.45,0.3,61.6,0.477,1.3859349e+07,,,,
189715,NCL,Oceania,New Caledonia,2020-08-18,23,0,0,,0,0,79.322,0,0,,0,0,,,,,,,,,,,,,,,,,,,,,,,,,,,,,,,,,15.342,33.4,9.954,6.489,,,,23.36,,,,,77.55,,289959,,,,
304394,OWID_WRL,,World,2023-04-20,7.64154e+08,74552,106026.29,6.914925e+06,305,626.857,95817.42,9.348,13.295,867.064,0.038,0.079,,,,,,,,,,,,,,,,,,,1.3366707e+10,5.5767987e+09,5.1282816e+09,2.7614833e+09,291191,443307,167.61,69.93,64.3,34.63,56,306178,0.004,,58.045,30.9,8.696,5.355,15469.207,10,233.07,8.51,6.434,34.635,60.13,2.705,72.58,0.737,7.975105e+09,,,,
146658,LVA,Europe,Latvia,2021-08-16,140171,49,101.286,2563,2,0.571,75741.336,26.477,54.73,1384.916,1.081,0.309,1.29,,,,,,,,,3.201959e+06,4357,1708.697,2.325,8008,4.273,0.0126,79.1,tests performed,1.397687e+06,780767,721871,37,4801,5063,75.52,42.19,39.01,0,2736,2980,0.161,41.67,31.212,43.9,19.754,14.136,25063.846,0.7,350.06,4.91,25.6,51,,5.57,75.29,0.866,1.850654e+06,,,,
69981,DNK,Europe,Denmark,2021-07-11,301114,520,527,2539,1,0.286,51190.2,88.401,89.591,431.637,0.17,0.049,1.35,9,1.53,29,4.93,,,65,11.05,3.6414108e+07,76385,6220.126,13.048,93382,15.951,0.006,167.4,tests performed,,,,,,73878,,,,,12559,37217,0.633,43.64,136.52,42.3,19.677,12.325,46682.516,0.2,114.767,6.41,19.3,18.8,,2.5,80.9,0.94,5.882259e+06,-1588.9001,-1.85,-2.72,-271.40988
149672,LSO,Africa,Lesotho,2023-03-19,34490,0,0,706,0,0,14957.764,0,0,306.181,0,0,,,,,,,,,,,,,,,,,,,1.339097e+06,1.014073e+06,938088,177816,,728,58.07,43.98,40.68,7.71,316,195,0.008,,73.562,22.2,4.506,2.647,2851.153,59.6,405.126,3.94,0.4,53.9,2.117,,54.33,0.527,2.305826e+06,,,,
24402,BLR,Europe,Belarus,2020-01-31,,0,0,,0,0,,0,0,,0,0,,,,,,,,,,,,,,,,,,,,,,,,,,,,,,,,0,46.858,40.3,14.799,9.788,17167.967,,443.129,5.18,10.5,46.1,,11,74.79,0.823,9.534956e+06,-782.1,-6.8,-6.8,-81.18338
127155,IRQ,Asia,Iraq,2021-08-05,1.673084e+06,12713,11793.714,18938,73,64.857,37600.668,285.71,265.05,425.61,1.641,1.458,1,,,,,,,,,1.3330624e+07,50706,306.215,1.165,51033,1.172,0.2272,4.4,tests performed,,,,,,29698,,,,,667,48450,0.109,75.93,88.125,20,3.186,1.957,15663.986,2.5,218.612,8.83,,,94.576,1.4,70.6,0.674,4.4496124e+07,,,,
63367,CUB,North America,Cuba,2020-02-07,,0,0,,0,0,,0,0,,0,0,,,,,,,,,,,,,,,,,,,,,,,,,,,,,,,,11.11,110.408,43.1,14.738,9.719,,,190.968,8.27,17.1,53.3,85.198,5.2,78.8,0.783,1.1212198e+07,,,,
305018,YEM,Asia,Yemen,2021-08-29,7751,40,37.714,1450,3,4.857,230.023,1.187,1.119,43.031,0.089,0.144,1.22,,,,,,,,,,,,,,,,,,,,,,,244,,,,,7,210,0.001,37.96,53.508,20.3,2.922,1.583,1479.147,18.8,495.003,5.35,7.6,29.2,49.542,0.7,66.12,0.47,3.3696612e+07,,,,
10183,ATG,North America,Antigua and Barbuda,2021-03-24,1072,39,12.714,28,0,0.143,11431.984,415.902,135.587,298.597,0,1.523,0.85,,,,,,,,,,,,,26,0.279,0.4835,2.1,tests performed,,,,,,197,,,,,2101,197,0.21,,231.845,32.1,6.933,4.631,21490.943,,191.511,13.17,,,,3.8,77.02,0.778,93772,,,,
273032,TLS,Asia,Timor,2020-07-15,24,0,0,,0,0,17.893,0,0,,0,0,,,,,,,,,,,,,,,,,,,,,,,,,,,,,,,,29.63,87.176,18,3.556,1.897,6570.102,30.3,335.346,6.86,6.3,78.1,28.178,5.9,69.5,0.606,1.341298e+06,,,,
220307,PRT,Europe,Portugal,2022-08-15,5.368587e+06,1606,2554.286,24783,7,8.429,522700.97,156.365,248.693,2412.944,0.682,0.821,0.95,,,,,,,,,,,,,,,,,,,,,,,1919,,,,,187,120,0.001,13.89,112.371,46.2,21.502,14.924,27936.896,0.5,127.842,9.85,16.3,30,,3.39,82.05,0.864,1.0270857e+07,,,,
130833,ISR,Asia,Israel,2021-09-01,1.077758e+06,10447,8962.286,7134,31,27.857,114060.54,1105.62,948.49,755.001,3.281,2.948,1.14,206,21.801,1423,150.598,116,12.276,1438,152.185,2.243103e+07,143133,2414.275,15.406,128878,13.871,0.072,13.9,people tested,1.3959962e+07,6.03273e+06,5.530584e+06,2.396648e+06,127575,101599,147.74,63.85,58.53,25.36,10752,8844,0.094,52.21,402.606,30.6,11.733,7.359,33132.32,0.5,93.32,6.74,15.4,35.4,,2.99,82.97,0.919,9.449e+06,,,,
282619,TCA,North America,Turks and Caicos Islands,2020-02-17,,0,0,,0,0,,0,0,,0,0,,,,,,,,,,,,,,,,,,,,,,,,,,,,,,,,,37.312,,,,,,,,,,,,80.22,,45726,,,,
307817,ZWE,Africa,Zimbabwe,2022-08-29,256704,5,10.857,5593,0,0.143,15728.892,0.306,0.665,342.697,0,0.009,1.1,,,,,,,,,,,,,,,,,,,,,,,5378,,,,,330,1443,0.009,52.63,42.729,19.6,2.822,1.882,1899.775,21.4,307.846,1.82,1.6,30.7,36.791,1.7,61.49,0.571,1.6320539e+07,,,,
104414,GRC,Europe,Greece,2022-08-16,4.656256e+06,0,10747,32077,0,43.857,448364.8,0,1034.861,3088.79,0,4.223,1.11,,,,,,,,,,,,,,,,,,2.1298728e+07,7.924494e+06,7.634361e+06,6.316826e+06,3514,2064,205.09,76.31,73.51,60.83,199,51,0,11.11,83.479,45.3,20.396,14.524,24574.383,1.5,175.695,4.55,35.3,52,,4.21,82.24,0.888,1.0384972e+07,,,,
175437,MDA,Europe,Moldova,2021-07-14,257588,59,69,6762,3,2,78701.055,18.026,21.082,2065.999,0.917,0.611,1.13,,,,,,,,,,5423,,1.771,4520,1.476,0.0155,64.4,tests performed,824789,495794,328995,,11067,8695,25.2,15.15,10.05,,2657,3447,0.105,56.48,123.655,37.6,10.864,6.955,5189.972,0.2,408.502,5.72,5.9,44.6,86.979,5.8,71.9,0.75,3.272993e+06,,,,
88810,FRO,Europe,Faeroe Islands,2023-04-01,34658,0,0,28,0,0,652484.1,0,0,527.138,0,0,,,,,,,,,,,,,,,,,,,,,,,,,,,,,,,,,35.308,,,,,,,,,,,,80.67,,53117,,,,
279239,TUN,Africa,Tunisia,2020-11-14,77668,1562,1387,2209,58,60.286,6285.794,126.415,112.252,178.778,4.694,4.879,1.04,,,,,,,,,,,,,,,,,,,,,,,,,,,,,,,68.52,74.228,32.7,8.001,5.075,10849.297,2,318.991,8.52,1.1,65.8,78.687,2.3,76.7,0.74,1.2356116e+07,,,,
259992,ESP,Europe,Spain,2021-06-13,3.762212e+06,4005,3532.571,82523,11,22.286,79106.82,84.212,74.278,1735.184,0.231,0.469,1.04,918,19.302,2497,52.504,287,6.035,2249,47.289,4.5708904e+07,47423,962.557,0.999,94550,1.991,0.043,23.3,tests performed,3.3242768e+07,2.1474788e+07,1.2813055e+07,,,462137,69.9,45.15,26.94,,9717,241173,0.507,50.46,93.105,45.5,19.436,13.799,34272.36,1,99.403,7.17,27.4,31.4,,2.97,83.56,0.904,4.7558632e+07,77610.81,12.34,4.29,1634.3615
119286,HND,North America,Honduras,2023-04-29,472533,0,6.857,11112,0,0.143,45292.766,0,0.657,1065.096,0,0.014,,,,,,,,,,,,,,,,,,,,,,,,,,,,,,,,,82.805,24.9,4.652,2.883,4541.795,16,240.208,7.21,2,,84.169,0.7,75.27,0.634,1.0432858e+07,,,,
90612,FJI,Oceania,Fiji,2021-07-08,8661,721,544.571,48,6,3.429,9315.217,775.461,585.706,51.626,6.453,3.688,1.46,,,,,,,,,236685,4556,255.984,4.927,3801,4.111,,,tests performed,,,,,,7471,,,,,8035,5823,0.626,86.11,49.562,28.6,6.224,3.284,8702.975,1.4,412.82,14.49,10.2,34.8,,2.3,67.44,0.743,929769,,,,
211387,PAN,North America,Panama,2021-07-14,416232,752,1072,6646,14,9,94414.03,170.576,243.162,1507.514,3.176,2.041,1.01,,,,,,,,,3.165648e+06,15604,727.523,3.586,11998,2.757,0.0878,11.4,tests performed,,,,,,18925,,,,,4293,8412,0.191,70.37,55.133,29.7,7.918,5.03,22267.037,2.2,128.346,8.33,2.4,9.9,,2.3,78.51,0.815,4.408582e+06,,,,
121723,ISL,Europe,Iceland,2020-01-25,,0,0,,0,0,,0,0,,0,0,,,,,,,,,,,,,,,,,,,,,,,,,,,,,,,,11.11,3.404,37.3,14.431,9.207,46482.957,0.2,117.992,5.31,14.3,15.2,,2.91,82.99,0.949,372903,,,,
6694,AND,Europe,Andorra,2021-09-02,15046,13,4.571,130,0,0,188444.83,162.82,57.255,1628.195,0,0,0.95,,,,,,,,,,,,,160,2.024,0.0321,31.1,tests performed,,,,,,255,,,,,3194,86,0.108,51.85,163.755,,,,,,109.135,7.97,29,37.8,,,83.73,0.868,79843,,,,
61015,CIV,Africa,Cote d'Ivoire,2020-05-03,1362,29,30.286,16,0,0.143,48.366,1.03,1.075,0.568,0,0.005,1.13,,,,,,,,,10796,288,0.393,0.01,358,0.013,0.099,10.1,tests performed,,,,,,,,,,,,,,80.56,76.399,18.7,2.933,1.582,3601.006,28.2,303.74,2.42,,,19.351,,57.78,0.538,2.8160548e+07,,,,
306230,ZMB,Africa,Zambia,2021-08-24,204651,102,317.429,3578,4,5.714,10223.518,5.095,15.857,178.742,0.2,0.285,0.73,,,,,,,,,2.233567e+06,7598,114.7,0.39,6522,0.335,0.048,20.8,tests performed,556766,309532,247234,,4478,4223,2.78,1.55,1.24,,211,201,0.001,43.52,22.995,17.7,2.48,1.542,3689.251,57.5,234.499,3.94,3.1,24.7,13.938,2,63.89,0.584,2.001767e+07,,,,
281501,TKM,Asia,Turkmenistan,2020-05-26,,0,0,,0,0,,0,0,,0,0,,,,,,,,,,,,,,,,,,,,,,,,,,,,,,,,,12.253,26.9,4.277,2.541,16389.023,,536.783,7.11,,,100,7.4,68.19,0.715,6.430777e+06,,,,
212598,PNG,Oceania,Papua New Guinea,2021-07-08,17308,26,10,179,4,0.714,1706.462,2.563,0.986,17.648,0.394,0.07,0.5,,,,,,,,,,,,,,,,,,,,,,,882,,,,,87,882,0.009,49.07,18.22,22.6,3.808,2.142,3823.194,,561.494,17.65,23.5,48.8,,,64.5,0.555,1.0142625e+07,,,,
141022,KIR,Oceania,Kiribati,2022-11-14,3430,0,0,13,0,0,26135.922,0,0,99.057,0,0,-0,,,,,,,,,,,,,,,,,,182923,93685,70464,18774,,130,139.38,71.39,53.69,14.31,991,0,0,0,143.701,23.2,3.895,2.21,1981.132,,434.657,22.66,35.9,58.9,,1.9,68.37,0.63,131237,,,,
303190,ESH,Africa,Western Sahara,2022-04-20,,,,,,,,,,,,,,,,,,,,,,3943,,6.972,,,,,,tests performed,,,,,,,,,,,,,,,,28.4,,1.38,,,,,,,,,70.26,,576005,,,,
224037,REU,Africa,Reunion,2022-11-02,477959,0,50.857,899,0,0.143,490686.44,0,52.211,922.939,0,0.147,,,,,,,,,,,,,,,,,,,,,,,,,,,,,,,,,,36,,6.841,,,,,,,,,80.48,,974062,,,,
45472,CMR,Africa,Cameroon,2021-02-09,31394,0,154.429,474,0,0,1124.647,0,5.532,16.98,0,0,0.48,,,,,,,,,,,,,,,,,,,,,,,,,,,,,,,35.19,50.885,18.8,3.165,1.919,3364.926,23.8,244.661,7.2,,,2.735,1.3,59.29,0.563,2.7914542e+07,,,,
22464,BGD,Asia,Bangladesh,2021-06-17,841087,3840,2956,13345,63,50.857,4913.283,22.432,17.268,77.956,0.368,0.297,1.42,,,,,,,,,6.268992e+06,24871,37.017,0.147,20203,0.119,0.1463,6.8,tests performed,1.0079471e+07,5.823245e+06,4.256226e+06,,1105,2975,5.89,3.4,2.49,,17,0,0,86.11,1265.036,27.5,5.098,3.262,3523.984,14.8,298.003,8.38,1,44.7,34.808,0.8,72.59,0.632,1.7118637e+08,,,,
250691,SVK,Europe,Slovakia,2022-09-03,1.835116e+06,325,228.143,20362,2,2.143,325175.97,57.589,40.426,3608.073,0.354,0.38,0.03,24,4.253,422,74.777,,,,,,,,,,,,,,,,,,,,,,,,,,,11.11,113.128,41.2,15.07,9.167,30155.152,0.7,287.959,7.29,23.1,37.7,,5.82,77.54,0.86,5.643455e+06,,,,
201575,OWID_NIR,Europe,Northern Ireland,2021-05-05,,,,,,,,,,,,,,5,2.637,79,41.667,,,29,15.295,,,,,,,,,,1.416826e+06,957063,459763,,19739,14848,74.73,50.48,24.25,,7831,4631,0.244,,,,,,,,,,,,,,,,1.896e+06,,,,
200534,OWID_CYN,Asia,Northern Cyprus,2021-04-04,,,,,,,,,,,,,,,,,,,,,,,,,,,,,,,,,,,,350,,,,,914,132,0.034,,,,,,,,,,,,,,,,382836,,,,
67466,CZE,Europe,Czechia,2021-04-27,1.64207e+06,2664,2441,29515,58,58,156477.19,253.86,232.609,2812.562,5.527,5.527,0.78,716,68.23,3173,302.364,209,19.916,2028,193.253,1.830914e+07,277911,1741.944,26.441,200362,19.063,0.012,83.3,tests performed,2.985189e+06,2.00804e+06,979166,,60263,50622,28.45,19.14,9.33,,4824,40460,0.386,62.04,137.176,43.3,19.027,11.58,32605.906,,227.485,6.82,30.5,38.3,,6.63,79.38,0.9,1.049399e+07,,,,
38827,VGB,North America,British Virgin Islands,2022-12-04,7305,0,0,64,0,0,233148.22,0,0,2042.64,0,0,,,,,,,,,,,,,,,,,,,,,,,,,,,,,,,,,207.973,,,,,,,13.67,,,,,79.07,,31332,,,,
179087,MNE,Europe,Montenegro,2021-07-13,100488,10,21.286,1620,0,0.714,160246.98,15.947,33.944,2583.394,0,1.139,1.17,,,,,,,,,,,,,,,,,,303615,159297,144318,,1081,1066,48.42,25.4,23.01,,1700,681,0.109,,46.28,39.1,14.762,9.395,16409.287,1,387.305,10.08,44,47.9,,3.861,76.88,0.829,627082,,,,
225961,RUS,Europe,Russia,2021-06-10,5.167949e+06,11699,9823.857,125278,383,374,35711.637,80.843,67.885,865.698,2.647,2.584,1.21,,,,,,,,,1.4194926e+08,400122,978.267,2.758,335954,2.315,0.0288,34.7,tests performed,3.1953144e+07,1.8119484e+07,1.3833662e+07,,347426,278802,22.08,12.52,9.56,,1927,140445,0.097,36.57,8.823,39.6,14.178,9.393,24765.953,0.1,431.297,6.18,23.4,58.3,,8.05,72.58,0.824,1.4471331e+08,,,,
177365,MNG,Asia,Mongolia,2020-02-24,,0,0,,0,0,,0,0,,0,0,,,,,,,,,,,,,,,,,,,,,,,,,,,,,,,,75,1.98,28.6,4.031,2.421,11840.846,0.5,460.043,4.82,5.5,46.5,71.18,7,69.87,0.737,3.398373e+06,,,,
110410,GTM,North America,Guatemala,2022-05-13,850713,458,460.286,17742,23,15.143,47675.246,25.667,25.795,994.289,1.289,0.849,1.04,,,,,,,,,,,,,,,,,,1.7156564e+07,8.173354e+06,6.164751e+06,2.81846e+06,,15857,96.15,45.8,34.55,15.8,889,3459,0.019,46.76,157.834,22.9,4.694,3.016,7423.808,8.7,155.898,10.18,,,76.665,0.6,74.3,0.663,1.7843914e+07,,,,
42292,BFA,Africa,Burkina Faso,2022-05-26,20899,0,0,384,0,0,921.726,0,0,16.936,0,0,0.01,,,,,,,,,,,,,,,,,,,,,,,659,,,,,29,630,0.003,13.89,70.151,17.6,2.409,1.358,1703.102,43.7,269.048,2.42,1.6,23.9,11.877,0.4,61.58,0.452,2.2673764e+07,,,,
253896,SOM,Africa,Somalia,2021-06-14,14817,38,9.857,774,0,0.143,841.994,2.159,0.56,43.984,0,0.008,1.04,,,,,,,,,,,,,,,,,,156548,135107,21441,,,2180,0.89,0.77,0.12,,124,813,0.005,35.19,23.5,16.8,2.731,1.496,,,365.769,6.05,,,9.831,0.9,57.4,,1.7597508e+07,,,,
216815,PHL,Asia,Philippines,2023-01-21,4.071564e+06,413,222.286,65654,0,18.286,35233.637,3.574,1.924,568.143,0,0.158,,,,,,,,,,,,,,,,,,,,,,,,14688,,,,,127,1850,0.002,,351.873,25.2,4.803,2.661,7599.188,,370.437,7.07,7.8,40.8,78.463,1,71.23,0.718,1.1555901e+08,,,,
30981,BTN,Asia,Bhutan,2021-06-08,1724,21,13.143,1,0,0,2203.316,26.839,16.797,1.278,0,0,1.04,,,,,,,,,,,,,3027,3.893,0.0043,230.3,samples tested,,,,,,87,,,,,111,87,0.011,68.52,21.188,28.6,4.885,2.977,8708.597,1.5,217.066,9.75,,,79.807,1.7,71.78,0.654,782457,,,,
49692,CYM,North America,Cayman Islands,2022-09-01,30214,0,22.429,29,0,0,439655.44,0,326.367,421.99,0,0,,,,,,,,,,,,,,,,,,,,,,,,24,,,,,349,3,0.004,,256.496,,,,49903.027,,,13.22,,,,,83.92,,68722,,,,
214261,PRY,South America,Paraguay,2022-09-27,716059,0,7.143,19583,0,2.714,105601.82,0,1.053,2888.031,0,0.4,0.55,,,,,,,,,,,,,,,,,,,,,,,230,,,,,34,237,0.003,13.89,17.144,26.5,6.378,3.833,8827.01,1.7,199.128,8.27,5,21.6,79.602,1.3,74.25,0.728,6.780745e+06,,,,
86163,OWID_EUR,,Europe,2022-09-12,2.2391635e+08,155580,157928,1.937454e+06,543,476.286,300636.4,208.886,212.039,2601.28,0.729,0.639,,,,,,,,,,,,,,,,,,,1.322263e+09,5.1513888e+08,4.952241e+08,3.2550496e+08,290414,232360,177.53,69.16,66.49,43.7,312,15297,0.002,,,,,,,,,,,,,,,,7.448078e+08,,,,
230154,SHN,Africa,Saint Helena,2022-11-28,2166,0,0,,0,0,401036.84,0,0,,0,0,,,,,,,,,,,,,,,,,,,,,,,,,,,,,,,,,,,,,,,,,,,,,80.56,,5401,,,,
132953,JAM,North America,Jamaica,2020-10-12,7718,159,117.571,139,1,2.714,2729.734,56.236,41.583,49.162,0.354,0.96,0.88,,,,,,,,,85800,541,30.343,0.191,572,0.202,0.2001,5,samples tested,,,,,,,,,,,,,,75,266.879,31.4,9.684,6.39,8193.571,,206.537,11.28,5.3,28.6,66.425,1.7,74.47,0.734,2.827382e+06,,,,
3618,ALB,Europe,Albania,2023-03-31,333855,17,13,3603,1,0.286,117458.71,5.981,4.574,1267.627,0.352,0.101,,,,,,,,,,,,,,,,,,,,,,,,256,,,,,90,34,0.001,,104.871,38,13.188,8.643,11803.431,1.1,304.195,10.08,7.1,51.2,,2.89,78.57,0.795,2.842318e+06,,,,
59656,COK,Oceania,Cook Islands,2023-04-13,7055,0,0.714,2,0,0,414220.28,0,41.938,117.426,0,0,,,,,,,,,,,,,,,,,,,,,,,,,,,,,,,,,,,,,,,,,,,,,76.25,,17032,,,,
185728,NAM,Africa,Namibia,2023-01-20,170598,0,17,4086,0,0.429,66457.5,0,6.622,1591.726,0,0.167,,,,,,,,,,,,,,,,,,,,,,,,128,,,,,50,100,0.004,,3.078,22,3.552,2.085,9541.808,13.4,243.811,3.94,9.7,34.2,44.6,,63.71,0.646,2.567024e+06,,,,
121445,HUN,Europe,Hungary,2022-08-21,2.021648e+06,0,2321.286,47083,0,16.714,202827.97,0,232.89,4723.745,0,1.677,1.24,,,,,,,,,,,,,,,,,,,,,,,821,,,,,82,86,0.001,11.11,108.043,43.4,18.577,11.976,26777.56,0.5,278.296,7.55,26.8,34.8,,7.02,76.88,0.854,9.967304e+06,38979.402,11.26,11.49,3910.7268
272405,THA,Asia,Thailand,2022-02-25,2.819282e+06,24932,20686.43,22809,41,34.857,39322.16,347.741,288.526,318.13,0.572,0.486,1.18,,,,,,,,,2.0897224e+07,69499,291.856,0.971,67950,0.949,0.3044,3.3,tests performed,1.2343683e+08,5.3526128e+07,4.964868e+07,2.0262028e+07,467096,260352,172.16,74.66,69.25,28.26,3631,58594,0.082,43.06,135.132,40.1,11.373,6.89,16277.671,0.1,109.861,7.04,1.9,38.8,90.67,2.1,77.15,0.777,7.1697024e+07,,,,
92308,FIN,Europe,Finland,2022-10-30,1.360297e+06,1852,1840.571,7144,28,25.714,245507.95,334.251,332.188,1289.357,5.053,4.641,1.12,15,2.707,1013,182.827,,,,,,,,,,,,,,,,,,,2278,,,,,411,18,0,11.11,18.136,42.8,21.228,13.264,40585.723,,153.507,5.76,18.3,22.6,,3.28,81.91,0.938,5.540745e+06,8548.399,5.46,16.52,1542.825
199236,PRK,Asia,North Korea,2023-05-03,,0,0,,0,0,,0,0,,0,0,,,,,,,,,,,,,,,,,,,,,,,,,,,,,,,,,211.701,35.3,9.491,6.139,,,321.681,4,,,,13.2,72.27,,2.6069416e+07,,,,
52730,CHL,South America,Chile,2020-12-27,598394,2563,2148.571,16404,46,43.286,30524.488,130.74,109.6,836.779,2.346,2.208,1.1,716,36.524,,,324,16.527,1296,66.11,6.328916e+06,27297,324.673,1.4,39245,2.013,0.053,18.9,tests performed,8648,8648,,,309,2743,0.04,0.04,,,140,2743,0.014,79.17,24.282,35.4,11.087,6.938,22767.037,1.3,127.993,8.46,34.2,41.5,,2.11,80.18,0.851,1.9603736e+07,13757.1,12.41,20.6,712.7913
249561,SXM,North America,Sint Maarten (Dutch part),2022-11-29,10949,0,0.857,89,0,0,247759.78,0,19.396,2013.939,0,0,,,,,,,,,,,,,,,,,,,,,,,,9,,,,,204,0,0,,1209.088,,,,36327.23,,,,,,,,78.95,,44192,,,,
224792,ROU,Europe,Romania,2021-07-28,1.082551e+06,175,111.143,34273,3,2.143,55065.676,8.902,5.653,1743.351,0.153,0.109,1.49,,,436,22.178,,,,,,,,,25920,1.341,0.0046,217.3,tests performed,9.371721e+06,4.973073e+06,4.834109e+06,,15606,14069,47.67,25.3,24.59,,716,9319,0.047,37.09,85.129,43,17.85,11.69,23313.2,5.7,370.946,9.74,22.9,37.1,,6.892,76.05,0.828,1.965927e+07,,,,
163305,MDV,Asia,Maldives,2021-08-29,80791,113,118.857,226,1,0.429,154240.75,215.732,226.914,431.464,1.909,0.818,1.06,,,,,,,,,1.360799e+06,5189,2609.604,9.951,5576,10.693,0.0213,46.9,samples tested,684946,383089,301857,,746,1797,130.77,73.14,57.63,,3431,1473,0.281,,1454.433,30.6,4.12,2.875,15183.616,,164.905,9.19,2.1,55,95.803,,78.92,0.74,523798,,,,
41240,BGR,Europe,Bulgaria,2022-11-13,1.283495e+06,131,334.286,37953,1,5.286,189251.48,19.316,49.29,5596.174,0.147,0.779,0.8,65,9.584,579,85.374,,,,,,,,,,,,,,,2.104168e+06,,,,698,,31.03,,,103,31,0,11.11,65.18,44.7,20.801,13.272,18563.307,1.5,424.688,5.81,30.1,44.4,,7.454,75.05,0.816,6.781955e+06,69156.49,22.38,0.93,10197.132
135076,JPN,Asia,Japan,2023-04-06,3.349148e+07,9500,7148,73981,0,22.286,270197.84,76.643,57.668,596.853,0,0.18,,,,,,,,,,,,,,,,,,,3.8347197e+08,1.0469709e+08,1.0336973e+08,1.7540515e+08,6843,13010,309.37,84.47,83.4,141.51,105,380,0,,347.778,48.2,27.049,18.493,39002.223,,79.37,5.72,11.2,33.7,,13.05,84.63,0.919,1.23951696e+08,,,,
285437,UGA,Africa,Uganda,2021-03-07,40479,15,17.429,331,0,0,856.706,0.317,0.369,7.005,0,0,0.83,,,,,,,,,893607,729,19.488,0.016,1743,0.038,0.0088,114,tests performed,,,,,,,,,,,,,,52.78,213.759,16.4,2.168,1.308,1697.707,41.6,213.333,2.5,3.4,16.7,21.222,0.5,63.37,0.544,4.7249588e+07,,,,
262120,SDN,Africa,Sudan,2020-08-11,12033,0,36.143,786,0,3.286,256.708,0,0.771,16.768,0,0.07,0.99,,,,,,,,,,,,,,,,,,,,,,,,,,,,,,,69.91,23.258,19.7,3.548,2.034,4466.507,,431.388,15.67,,,23.437,0.8,65.31,0.51,4.68742e+07,,,,
111144,GGY,Europe,Guernsey,2021-01-15,308,0,0.857,16,0,0,4863.491,0,13.535,252.649,0,0,,,,,,,,,,,,,,,,,,,,,,,,,,,,,,,,,,,,,,,,,,,,,,,63329,,,,
280184,TUR,Asia,Turkey,2020-02-16,,0,0,,0,0,,0,0,,0,0,,,,,,,,,,,,,,,,,,,,,,,,,,,,,,,,19.44,104.914,31.6,8.153,5.061,25129.342,0.2,171.285,12.13,14.1,41.1,,2.81,77.69,0.82,8.534125e+07,,,,
215677,PER,South America,Peru,2023-04-14,4.492891e+06,0,0,219866,0,11.714,131951.4,0,0,6457.229,0,0.344,,,,,,,,,,,,,,,,,,,8.8894576e+07,3.04401e+07,2.8612652e+07,2.9841824e+07,25182,17816,261.07,89.4,84.03,87.64,523,1793,0.005,,25.129,29.1,7.151,4.455,12236.706,3.5,85.755,5.95,4.8,,,1.6,76.74,0.777,3.4049588e+07,,,,
109304,GUM,Oceania,Guam,2022-09-01,48388,0,65.571,390,1,0.143,281680.97,0,381.711,2270.306,5.821,0.832,,,,,,,,,,,,,,,,,,,,,,,,,,,,,,,,,304.128,31.4,9.551,5.493,,,310.496,21.52,,,,,80.07,,171783,,,,
243369,SEN,Africa,Senegal,2022-08-20,87920,30,24,1968,0,0,5077.253,1.732,1.386,113.649,0,0,0.91,,,,,,,,,,,,,,,,,,,,,,,0,,,,,0,714,0.004,13.89,82.328,18.7,3.008,1.796,2470.58,38,241.219,2.42,0.4,16.6,20.859,,67.94,0.512,1.7316452e+07,,,,
157468,LUX,Europe,Luxembourg,2021-03-14,57596,191,168.857,692,7,4.286,88937.48,294.935,260.743,1068.559,10.809,6.618,1.11,25,38.604,120,185.299,12,18.593,84,130.152,2.245178e+06,557,3511.816,0.871,8931,13.97,0.02,50,tests performed,,,,,,1828,,,,,2823,1609,0.248,55.56,231.447,39.7,14.312,9.842,94277.97,0.2,128.275,4.42,20.9,26,,4.51,82.25,0.916,647601,74.799995,1.35,3.92,116.997475
73983,DOM,North America,Dominican Republic,2022-06-22,598594,515,859.429,4383,0,0.143,53308.715,45.864,76.538,390.335,0,0.013,1.3,,,,,,,,,,,,,,,,,,1.5747132e+07,7.233059e+06,5.994493e+06,2.372321e+06,5509,3280,140.24,64.42,53.38,21.13,292,523,0.005,5.56,222.873,27.6,6.981,4.419,14600.861,1.6,266.653,8.2,8.5,19.1,55.182,1.6,74.08,0.756,1.1228821e+07,,,,
59715,CRI,North America,Costa Rica,2020-02-10,,0,0,,0,0,,0,0,,0,0,,,,,,,,,,,,,,,,,,,,,,,,,,,,,,,,11.11,96.079,33.6,9.468,5.694,15524.995,1.3,137.973,8.78,6.4,17.4,83.841,1.13,80.28,0.81,5.180836e+06,,,,
267795,SYR,Asia,Syria,2022-10-22,57346,2,2,3163,0,0,2591.881,0.09,0.09,142.959,0,0,0.89,,,,,,,,,,,,,,,,,,,,,,,2551,,,,,115,1899,0.009,13.89,,21.7,,2.577,,,376.264,,,,70.598,1.5,72.7,0.567,2.2125242e+07,,,,
51521,TCD,Africa,Chad,2021-01-04,2213,44,29.714,105,0,0,124.864,2.483,1.677,5.924,0,0,1.26,,,,,,,,,,,,,,,,,,,,,,,,,,,,,,,59.72,11.833,16.7,2.486,1.446,1768.153,38.4,280.995,6.1,,,5.818,,54.24,0.398,1.7723312e+07,,,,
206558,OMN,Asia,Oman,2021-08-22,301141,105,167.714,4397,5,6,65804.47,22.944,36.648,960.82,1.093,1.311,0.71,,,,,,,,,,,,,,,,,,,,,,,58454,,,,,12773,25185,0.55,59.26,14.98,30.7,2.355,1.53,37960.71,,266.342,12.61,0.5,15.6,97.4,1.6,77.86,0.813,4.5763e+06,,,,
239996,STP,Africa,Sao Tome and Principe,2023-03-14,6296,0,2.143,77,0,0,27687.748,0,9.424,338.621,0,0,,,,,,,,,,,,,,,,,,,,,,,,352,,,,,1548,130,0.057,,212.841,18.7,2.886,2.162,3052.714,32.3,270.113,2.42,,,41.34,2.9,70.39,0.625,227393,,,,
298354,VAT,Europe,Vatican,2023-03-08,26,0,0,,0,0,32178.219,0,0,,0,0,,,,,,,,,,,,,,,,,,,,,,,,,,,,,,,,,,,,,,,,,,,,,75.12,,808,,,,
80431,ERI,Africa,Eritrea,2020-05-06,39,0,0,,0,0,10.586,0,0,,0,0,,,,,,,,,,,,,,,,,,,,,,,,,,,,,,,,,44.304,19.3,3.607,2.171,1510.459,,311.11,6.05,0.2,11.4,,0.7,66.32,0.459,3.684041e+06,,,,
168779,MTQ,North America,Martinique,2023-04-21,229674,0,27.857,1097,0,0.286,624942.9,0,75.799,2984.937,0,0.777,,,,,,,,,,,,,,,,,,,,,,,,,,,,,,,,,,45.7,,12.543,,,,,,,,,82.54,,367512,,,,
166325,MLT,Europe,Malta,2023-04-07,118133,0,18.429,832,0,0,221516.12,0,34.556,1560.118,0,0,,,,,,,,,,,,,,,,,,,,,,,,6,,,,,11,1,0,,1454.037,42.4,19.426,11.324,36513.324,0.2,168.711,8.83,20.9,30.2,,4.485,82.53,0.895,533293,,,,
195333,NGA,Africa,Nigeria,2022-08-30,263526,119,62.286,3148,0,0,1205.841,0.545,0.285,14.405,0,0,1.05,,,,,,,,,,,,,,,,,,,,,,,276401,,,,,1265,193838,0.089,16.3,209.588,18.1,2.751,1.447,5338.454,,181.013,2.42,0.6,10.8,41.949,,54.69,0.539,2.1854122e+08,,,,
70658,DJI,Africa,Djibouti,2020-01-13,,0,0,,0,0,,0,0,,0,0,,,,,,,,,,,,,,,,,,,,,,,,,,,,,,,,,41.285,25.4,4.213,2.38,2705.406,22.5,258.037,6.05,1.7,24.5,,1.4,67.11,0.524,1.120851e+06,,,,
65148,CUW,North America,Curacao,2021-08-21,14802,51,58,136,1,0.571,77427.25,266.774,303.39,711.398,5.231,2.989,,,,,,,,,,,,,,13,0.068,,,tests performed,180643,95205,85438,,646,215,94.49,49.8,44.69,,1125,109,0.057,,362.644,41.7,16.367,10.068,,,,11.62,,,,,78.88,,191173,,,,
164526,MLI,Africa,Mali,2021-09-02,14895,6,14.286,539,0,0.286,659.258,0.266,0.632,23.856,0,0.013,1.04,,,,,,,,,,,,,,,,,,,,,,,4266,,,,,189,4266,0.019,50.93,15.196,16.4,2.519,1.486,2014.306,,268.024,2.42,1.6,23,52.232,0.1,59.31,0.434,2.2593598e+07,,,,
66891,CYP,Europe,Cyprus,2023-01-29,642663,0,276.286,1287,0,1,717252.2,0,308.352,1436.373,0,1.116,,,,,,,,3,3.316,,,,,,,,,,,,,,,17,,,,,19,4,0,,127.657,37.3,13.416,8.563,32415.133,,141.171,9.24,19.6,52.7,,3.4,80.98,0.887,896007,2182.1003,11.13,-8.17,1731.6278
56362,COM,Africa,Comoros,2020-12-04,545,2,0.714,7,0,0,651.304,2.39,0.854,8.365,0,0,0.78,,,,,,,,,,,,,,,,,,,,,,,,,,,,,,,,437.352,20.4,2.963,1.726,1413.89,18.1,261.516,11.88,4.4,23.6,15.574,2.2,64.32,0.554,836783,,,,
16420,AUS,Oceania,Australia,2021-08-04,35462,0,238.143,953,4,1.143,1354.679,0,9.097,36.405,0.153,0.044,1.34,56,2.139,374,14.287,,,,,2.5752628e+07,205159,993.501,7.915,179894,6.94,0.0013,756.3,tests performed,1.3041229e+07,8.751409e+06,4.28982e+06,,222697,178163,49.82,33.43,16.39,,6806,87694,0.335,68.06,3.202,37.9,15.504,10.129,44648.71,0.5,107.791,5.07,13,16.5,,3.84,83.44,0.944,2.617741e+07,,,,
235762,VCT,North America,Saint Vincent and the Grenadines,2021-08-08,2298,0,0.286,12,0,0,22104.867,0,2.748,115.43,0,0,1,,,,,,,,,,,,,,,,,,,,,,,18,,,,,173,6,0.006,,281.787,31.8,7.724,4.832,10727.146,,252.675,11.62,,,,2.6,72.53,0.738,103959,,,,
7318,AGO,Africa,Angola,2020-01-18,,0,0,,0,0,,0,0,,0,0,,,,,,,,,,,,,,,,,,,,,,,,,,,,,,,,,23.89,16.8,2.405,1.362,5819.495,,276.045,3.94,,,26.664,,61.15,0.581,3.5588996e+07,,,,
138193,KAZ,Asia,Kazakhstan,2021-10-15,990461,2096,1919.143,16618,35,38.857,51059.96,108.052,98.935,856.686,1.804,2.003,0.92,,,,,,,,,,,,,,,,,,1.5035724e+07,7.976127e+06,7.059597e+06,,66162,56653,77.51,41.12,36.39,,2921,23645,0.122,65.74,6.681,30.6,6.991,4.625,24055.588,0.1,466.792,7.11,7,43.1,98.999,6.7,73.6,0.825,1.9397998e+07,,,,
18359,AZE,Asia,Azerbaijan,2020-03-20,28,0,2.714,1,0,0.143,2.703,0,0.262,0.097,0,0.014,,,,,,,,,,,,,,,,,,,,,,,,,,,,,,,,61.11,119.309,32.4,6.018,3.871,15847.419,,559.812,7.11,0.3,42.5,83.241,4.7,73,0.756,1.0358078e+07,,,,
258788,SSD,Africa,South Sudan,2021-06-26,10824,12,7.286,116,1,0.143,991.829,1.1,0.668,10.629,0.092,0.013,0.61,,,,,,,,,,,,,616,0.057,0.0097,102.7,tests performed,,,,,,1612,,,,,148,1548,0.014,25,,19.2,3.441,2.032,1569.888,,280.775,10.43,,,,,57.85,0.433,1.0913172e+07,,,,
154475,LTU,Europe,Lithuania,2023-01-13,1.292319e+06,242,241.714,9514,3,2.429,469924.28,87.998,87.894,3459.563,1.091,0.883,,,,,,,,,,,,,,,,,,,4.541894e+06,1.95657e+06,1.879985e+06,943656,245,142,165.16,71.15,68.36,34.31,52,11,0,,45.135,43.5,19.002,13.778,29524.266,0.7,342.989,3.67,21.3,38,,6.56,75.93,0.882,2.750058e+06,,,,
154646,OWID_LIC,,Low income,2020-02-26,5,0,0.714,,0,0,0.007,0,0.001,,0,0,,,,,,,,,,,,,,,,,,,,,,,,,,,,,,,,,,,,,,,,,,,,,,,7.376049e+08,,,,
114056,GNB,Africa,Guinea-Bissau,2022-05-08,8215,0,1.857,171,0,0,3901.538,0,0.882,81.213,0,0,0.35,,,,,,,,,135355,,65.683,,153,0.074,0.0103,97.4,tests performed,,,,,,2,,,,,1,236,0.011,,66.191,19.4,3.002,1.565,1548.675,67.1,382.474,2.42,,,6.403,,58.32,0.48,2.10558e+06,,,,
28535,BEN,Africa,Benin,2021-05-27,8058,0,4.714,101,0,0,603.466,0,0.353,7.564,0,0,0.51,,,,,,,,,,,,,,,,,,,,,,,688,,,,,52,473,0.004,38.89,99.11,18.8,3.244,1.942,2064.236,49.6,235.848,0.99,0.6,12.3,11.035,0.5,61.77,0.545,1.3352864e+07,,,,
182093,MAR,Africa,Morocco,2023-02-05,1.272276e+06,9,7.714,16296,0,0,33965.42,0.24,0.206,435.048,0,0,,,,,,,,,,,,,,,,,,,,,,,,328,,,,,9,50,0,,80.08,29.6,6.769,4.209,7485.013,1,419.146,7.14,0.8,47.1,,1.1,76.68,0.686,3.7457976e+07,,,,
116596,HTI,North America,Haiti,2022-08-22,33239,50,39.714,841,0,0.143,2869.14,4.316,3.428,72.594,0,0.012,0.76,,,,,,,,,,,,,,,,,,,,,,,3417,,,,,295,3289,0.028,39.81,398.448,24.3,4.8,2.954,1653.173,23.5,430.548,6.65,2.9,23.1,22.863,0.7,64,0.51,1.1585003e+07,,,,
210790,PSE,Asia,Palestine,2023-03-26,703228,0,0,5708,0,0,133946.25,0,0,1087.222,0,0,,,,,,,,,,,,,,,,,,,,,,,,,,,,,,,,,778.202,20.4,3.043,1.726,4449.898,1,265.91,10.59,,,,,74.05,0.708,5.250076e+06,,,,
125302,IDN,Asia,Indonesia,2023-03-09,6.738225e+06,307,235.571,160941,4,3,24458.049,1.114,0.855,584.175,0.015,0.011,,,,,,,,,,,,,,,,,,,,,,,,,,,,,,,,,145.725,29.3,5.319,3.053,11188.744,5.7,342.864,6.32,2.8,76.1,64.204,1.04,71.72,0.718,2.7550134e+08,,,,
150000,LBR,Africa,Liberia,2020-10-11,1397,7,3.143,88,0,0,263.451,1.32,0.593,16.595,0,0,1.02,,,,,,,,,,,,,,,,,,,,,,,,,,,,,,,57.41,49.127,19.2,3.057,1.756,752.788,38.6,272.509,2.42,1.5,18.1,1.188,0.8,64.1,0.48,5.30269e+06,,,,
11303,ARG,South America,Argentina,2020-12-15,1.554561e+06,7643,6213.143,46065,144,136.571,34158.426,167.94,136.522,1012.188,3.164,3.001,1.02,3475,76.356,,,,,,,4.584964e+06,33175,101.265,0.733,27820,0.614,0.183,5.5,tests performed,,,,,,,,,,,,,,79.17,16.177,31.9,11.198,7.441,18933.906,0.6,191.032,5.5,16.2,27.7,,5,76.67,0.845,4.5510324e+07,,,,
183960,MMR,Asia,Myanmar,2021-07-18,229521,5285,5329.714,5000,231,166,4236.322,97.546,98.372,92.286,4.264,3.064,1.31,,,,,,,,,2.972006e+06,14492,55.244,0.269,15027,0.279,0.3547,2.8,samples tested,,,,,,53994,,,,,997,33975,0.063,69.91,81.721,29.1,5.732,3.12,5591.597,6.4,202.104,4.61,6.3,35.2,79.287,0.9,67.13,0.583,5.4179312e+07,,,,
241573,OWID_SCT,Europe,Scotland,2021-01-10,,,,,,,,,,,,,,123,22.503,1598,292.353,,,1342,245.518,,,,,,,,,,166135,163377,2758,,,,3.04,2.99,0.05,,,,,,,,,,,,,,,,,,,,5.466e+06,,,,
191851,NZL,Oceania,New Zealand,2023-02-17,2.151538e+06,0,1038.857,2513,0,1.571,414931.16,0,200.347,484.64,0,0.303,,,,,,,,,,,,,,,,,,,1.1983253e+07,4.300899e+06,4.140252e+06,3.542102e+06,391,301,231.1,82.94,79.85,68.31,58,13,0,,18.206,37.9,15.322,9.72,36085.844,,128.797,8.08,14.8,17.2,,2.61,82.29,0.931,5.185289e+06,,,,
293301,OWID_UMC,,Upper middle income,2022-09-16,1.43342e+08,129338,123199.14,2.515737e+06,368,365.429,56748.406,51.204,48.774,995.968,0.146,0.145,,,,,,,,,,,,,,,,,,,5.285223e+09,2.0869815e+09,1.968418e+09,1.2060115e+09,514066,529534,209.24,82.62,77.93,47.75,210,133061,0.005,,,,,,,,,,,,,,,,2.5259213e+09,,,,
295967,UZB,Asia,Uzbekistan,2023-04-24,252698,15,28.286,1637,0,0,7297.579,0.433,0.817,47.274,0,0,,,,,,,,,,,,,,,,,,,,,,,,,,,,,,,,,76.134,28.2,4.469,2.873,6253.104,,724.417,7.57,1.3,24.7,,4,71.72,0.72,3.4627648e+07,,,,
153205,LIE,Europe,Liechtenstein,2022-11-21,20849,3,9,86,0,0,529767.5,76.229,228.688,2185.237,0,0,1.04,,,1,25.41,,,,,,,,,,,,,,,,,,,38,,,,,966,0,0,11.11,237.012,,,,,,,7.77,,,,2.397,82.49,0.919,39355,,,,
129651,IMN,Europe,Isle of Man,2021-10-06,7774,70,38.429,52,0,0.143,91963,828.069,454.593,615.137,0,1.69,,,,,,,,,,,,,,,,,,,129481,65479,64002,,1,20,153.17,77.46,75.71,,237,2,0.002,,147.872,,,,,,,,,,,,81.4,,84534,,,,
76554,EGY,Africa,Egypt,2022-11-06,515406,0,0.714,24798,0,0,4643.712,0,0.006,223.425,0,0,-0,,,,,,,,,,,,,,,,,,1.0044873e+08,5.3551564e+07,3.9959952e+07,9.630728e+06,,20726,90.5,48.25,36,8.68,187,7827,0.007,15.85,97.999,25.3,5.159,2.891,10550.206,1.3,525.432,17.31,0.2,50.1,89.827,1.6,71.99,0.707,1.10990096e+08,,,,
177102,MCO,Europe,Monaco,2022-10-05,15211,10,12.857,63,0,0,416842.5,274.04,352.337,1726.453,0,0,1.23,,,,,,,,,,,,,,,,,,,,,,,,,,,,,,,13.31,19347.5,,,,,,,5.46,,,,13.8,86.75,,36491,,,,
286591,UKR,Europe,Ukraine,2021-01-03,1.074093e+06,4576,6872,18854,123,154.286,27054.05,115.259,173.091,474.891,3.098,3.886,0.89,,,,,,,,,5.610003e+06,,128.872,,19573,0.45,0.3713,2.7,tests performed,,,,,,,,,,,,,,54.63,77.39,41.4,16.462,11.133,7894.393,0.1,539.849,7.11,13.5,47.4,,8.8,72.06,0.779,3.9701744e+07,,,,
293661,URY,South America,Uruguay,2020-05-06,657,2,5.286,17,0,0.286,191.948,0.584,1.544,4.967,0,0.083,0.91,,,,,,,,,23732,845,6.927,0.247,806,0.235,0.0076,131.2,people tested,,,,,,,,,,,,,,61.11,19.751,35.6,14.655,10.361,20551.408,0.1,160.708,6.93,14,19.9,,2.8,77.91,0.817,3.422796e+06,,,,
247862,SGP,Asia,Singapore,2021-08-04,65410,95,117.286,39,1,0.286,11603.645,16.853,20.806,6.919,0.177,0.051,0.89,,,,,,,,,,,,,,,,,,7.902787e+06,4.379227e+06,3.486462e+06,,66185,68712,140.19,77.69,61.85,,12189,10366,0.184,50.93,7915.731,42.4,12.922,7.049,85535.38,,92.243,10.99,5.2,28.3,,2.4,83.62,0.938,5.637022e+06,,,,
95468,PYF,Oceania,French Polynesia,2021-06-21,18972,9,4.714,142,0,0,61940.895,29.384,15.391,463.61,0,0,,,,,,,,,,,,,,,,,,,125484,67913,57571,,,945,40.97,22.17,18.8,,3085,484,0.158,,77.324,32.7,7.775,4.593,,,,22.63,,,,,77.66,,306292,,,,
100926,DEU,Europe,Germany,2023-02-01,3.778712e+07,20354,11471.571,168482,67,47.714,453246.9,244.141,137.599,2020.899,0.804,0.572,,600,7.197,,,531,6.369,5494,65.899,,,,,,,,,,1.919805e+08,6.4870488e+07,6.3556144e+07,6.4651736e+07,11071,9206,230.28,77.81,76.23,77.55,110,151,0,,237.016,46.6,21.453,15.957,45229.246,,156.139,8.31,28.2,33.1,,8,81.33,0.947,8.336984e+07,,,,
264839,SWE,Europe,Sweden,2021-05-24,1.062963e+06,620,2596,14494,11,10,100761.01,58.771,246.082,1373.924,1.043,0.948,0.74,227,21.518,1050,99.532,,,,,9.75349e+06,32800,931.824,3.134,36837,3.519,0.0823,12.2,tests performed,,,,,,65683,,,,,6226,34366,0.326,63.26,24.718,41,19.985,13.433,46949.28,0.5,133.982,4.79,18.8,18.9,,2.22,82.8,0.945,1.0549349e+07,,,,
196415,NIU,Oceania,Niue,2022-04-17,7,0,0,,0,0,3586.066,0,0,,0,0,,,,,,,,,,,,,,,,,,,,,,,,5,,,,,2561,0,0,,,,,,,,,,,,,,73.71,,1952,,,,
126266,IRN,Asia,Iran,2022-06-29,7.237156e+06,443,283,141386,0,2.286,81729.08,5.003,3.196,1596.67,0,0.026,1.62,,,,,,,,,,,,,,,,,,,,,,,23335,,,,,264,3482,0.004,52.1,49.831,32.4,5.44,3.182,19082.62,0.2,270.308,9.59,0.8,21.1,,1.5,76.68,0.783,8.855057e+07,,,,
79881,GNQ,Africa,Equatorial Guinea,2022-03-04,15889,4,1.714,183,0,0.143,9486.446,2.388,1.024,109.259,0,0.085,0.54,,,,,,,,,,,,,19156,11.72,0.0001,16759.4,tests performed,,,,,,513,,,,,306,287,0.017,,45.194,22.4,2.846,1.752,22604.873,,202.812,7.78,,,24.64,2.1,58.74,0.592,1.674916e+06,,,,
275469,TKL,Oceania,Tokelau,2020-07-18,,0,0,,0,0,,0,0,,0,0,,,,,,,,,,,,,,,,,,,,,,,,,,,,,,,,,,,,,,,,,,,,,81.86,,1893,,,,
246043,SYC,Africa,Seychelles,2023-04-11,50937,0,0,172,0,0,475446.88,0,0,1605.451,0,0,,,,,,,,,,,,,,,,,,,,,,,,,,,,,,,,,208.354,36.2,8.606,5.586,26382.287,1.1,242.648,10.55,7.1,35.7,,3.6,73.4,0.796,107135,,,,
136325,JOR,Asia,Jordan,2020-01-03,,0,,,0,,,0,,,0,,,,,,,,,,,,,,,,,,,,,,,,,,,,,,,,,,109.285,23.2,3.81,2.361,8337.49,0.1,208.257,11.75,,,,1.4,74.53,0.729,1.1285875e+07,,,,
69376,COD,Africa,Democratic Republic of Congo,2023-03-15,95861,0,6.714,1464,0,0,968.193,0,0.068,14.786,0,0,,,,,,,,,,,,,,,,,,,,,,,,48431,,,,,489,48405,0.049,,35.879,17,3.02,1.745,808.133,77.1,318.949,6.1,,,4.472,,60.68,0.48,9.9010216e+07,,,,
101538,GHA,Africa,Ghana,2021-05-31,94011,0,41.143,785,0,0.286,2808.321,0,1.229,23.45,0,0.009,1.13,,,,,,,,,,,,,3319,0.101,0.0109,91.5,tests performed,1.228216e+06,852047,376169,,,54335,3.67,2.55,1.12,,1623,597,0.002,42.59,126.719,21.1,3.385,1.948,4227.63,12,298.245,4.97,0.3,7.7,41.047,0.9,64.07,0.611,3.347587e+07,,,,
255522,ZAF,Africa,South Africa,2022-07-28,4.003883e+06,0,295.286,101967,0,3.571,66849.62,0,4.93,1702.461,0,0.06,0.89,,,,,,,,,,,,,,,,,,3.7162752e+07,2.2144118e+07,1.9193036e+07,3.596377e+06,16689,12185,62.05,36.97,32.05,6,203,4379,0.007,11.11,46.754,27.3,5.344,3.053,12294.876,18.9,200.38,5.52,8.1,33.2,43.993,2.32,64.13,0.709,5.9893884e+07,,,,
123987,IND,Asia,India,2022-12-07,4.4673948e+07,166,228.857,530638,5,2.571,31523.283,0.117,0.161,374.434,0.004,0.002,0.67,,,,,,,,,,,,,,,,,,2.1995e+09,1.0270713e+09,9.508519e+08,2.2157693e+08,40900,44004,155.2,72.47,67.09,15.64,31,3623,0,28.7,450.419,28.2,5.989,3.414,6426.674,21.2,282.28,10.39,1.9,20.6,59.55,0.53,69.66,0.645,1.4171731e+09,,,,
287658,ARE,Asia,United Arab Emirates,2020-08-06,61606,254,240.714,353,2,0.857,6525.273,26.904,25.496,37.39,0.212,0.091,0.87,,,,,,,,,5.313387e+06,50729,567.358,5.417,41676,4.45,0.0056,179.9,tests performed,,,,,,,,,,,,,,56.48,112.442,34,1.144,0.526,67293.484,,317.84,17.26,1.2,37.4,,1.2,77.97,0.89,9.441138e+06,,,,
221770,PRI,North America,Puerto Rico,2023-04-18,1.111616e+06,0,228.429,5879,0,1.714,341782.03,0,70.234,1807.582,0,0.527,,,,,,,,,,,,,,,,,,,,,,,,,,,,,,,,,376.232,38.2,15.168,9.829,35044.67,,108.094,12.9,,,,,80.1,,3.252412e+06,,,,
256361,OWID_SAM,,South America,2021-07-15,3.42923e+07,87737,87520.71,1.050959e+06,2668,2489.143,78505.016,200.855,200.36,2405.95,6.108,5.698,,,,,,,,,,,,,,,,,,,2.280707e+08,1.6319976e+08,7.028168e+07,1532,3.218545e+06,2.832482e+06,52.21,37.36,16.09,0,6484,2.219878e+06,0.508,,,,,,,,,,,,,,,,4.3681667e+08,,,,
174228,FSM,Oceania,Micronesia (country),2021-07-22,,0,0,,0,0,,0,0,,0,0,,,,,,,,,,,,,,,,,,,,,,,,,,,,,,,,,150.777,23,4.81,2.392,3299.464,16,454.343,12.02,,,,,67.88,0.62,114178,,,,
72920,DMA,North America,Dominica,2022-11-23,15760,0,0,74,0,0,216608.48,0,0,1017.07,0,0,0.01,,,,,,,,,,,,,,,,,,,,,,,,,,,,,,,24.07,98.567,,,,9673.367,,227.376,11.62,,,,3.8,75,0.742,72758,,,,
270308,TJK,Asia,Tajikistan,2023-01-28,17786,0,0,125,0,0,1787.037,0,0,12.559,0,0,,,,,,,,,,,,,,,,,,,,,,,,,,,,,,,,,64.281,23.3,3.466,2.155,2896.913,4.8,427.698,7.11,,,72.704,4.8,71.1,0.668,9.952789e+06,,,,
252077,SVN,Europe,Slovenia,2023-02-19,1.32556e+06,93,232.571,9109,4,3.143,625310.44,43.871,109.712,4297.016,1.887,1.483,,6,2.83,33,15.567,3,1.424,34,16.135,,,,,,,,,,,,,,,,,,,,,,,,102.619,44.5,19.062,12.93,31400.84,,153.493,7.25,20.1,25,,4.5,81.32,0.917,2.119843e+06,5963.2007,8.88,-10.91,2813.254
222308,QAT,Asia,Qatar,2021-06-08,218798,171,191.429,569,0,1.857,81182.695,63.448,71.028,211.121,0,0.689,0.77,,,,,,,,,,,,,287,0.107,,,tests performed,2.71667e+06,1.561481e+06,1.155189e+06,,15728,20283,100.8,57.94,42.86,,7526,11681,0.433,65.21,227.322,31.9,1.307,0.617,116935.6,,176.69,16.52,0.8,26.9,,1.2,80.23,0.848,2.695131e+06,,,,
128890,IRL,Europe,Ireland,2023-01-05,1.693847e+06,99,399.143,8513,9,9.714,337210.94,19.709,79.461,1694.767,1.792,1.934,,,,,,,,,,,,,,,,,,,1.1100256e+07,4.106318e+06,4.060367e+06,3.174815e+06,445,305,220.98,81.75,80.83,63.2,61,26,0.001,,69.874,38.7,13.928,8.678,67335.3,0.2,126.459,3.28,23,25.7,,2.96,82.3,0.955,5.023108e+06,,,,
50913,CAF,Africa,Central African Republic,2022-09-05,14888,0,0.857,113,0,0,2668.508,0,0.154,20.254,0,0,0.15,,,,,,,,,,,,,,,,,,,,,,,14733,,,,,2641,13927,0.25,13.89,7.479,18.3,3.655,2.251,661.24,,435.727,6.1,,,16.603,1,53.28,0.397,5.579148e+06,,,,
